ID,REGION,DEPT,ARR,Men 2008,Women 2008,Total 2008,Men 2015,Women 2015,Total 2015,Growth Men,Growth Women,Household members age: 0-4,Household members age: 5-9,Household members age: 10-14,Household members age: 15-19,Household members age: 20-24,Household members age: 25-29,Household members age: 30-34,Household members age: 35-39,Household members age: 40-44,Household members age: 45-49,Household members age: 50-54,Household members age: 55-59,Household members age: 60-64,Household members age: 65-69,Household members age: 70-74,Household members age: 75-79,Household members age: 80 +,Household members age: Missing /DK,Household usual members: 0,Household usual members: 1,Household usual members: 2,Household usual members: 3,Household usual members: 4,Household usual members: 5,Household usual members: 6,Household usual members: 7,Household usual members: 8,Household usual members: 9 +,Sex of head of household: Male,Sex of head of household: Female,Residence and survival status of parents: Living with both parents,Residence and survival status of parents: Living with mother/father alive,Residence and survival status of parents: Living with mother/father dead,Residence and survival status of parents: Living with father/ mother alive,Residence and survival status of parents: Living with father/ mother dead,Residence and survival status of parents: Living with neither/ both alive,Residence and survival status of parents: Living with neither/ father alive,Residence and survival status of parents: Living with neither/ mother alive,Type of cooking fuel: Electricity,Type of cooking fuel: LPG, natural gas,Type of cooking fuel: Charcoal,Type of cooking fuel: Firewood, straw,Type of cooking fuel: Dung,Type of cooking fuel: Other,Persons per sleeping room: 1-2,Persons per sleeping room: 3-4,Persons per sleeping room: 5-6,Female Age group in school: 6-10,Female Age group in school: 11-15,Female Age group in school: 6-15,Female Age group in school: 16-20,Female Age group in school: 21-24,Male Age group in school: 6-10,Male Age group in school: 11-15,Male Age group in school: 6-15,Male Age group in school: 16-20,Male Age group in school: 21-24,Male Level of education: No education,Male Level of education: Primary,Male Level of education: Secondary,Male Level of education: Higher,Male Level of education: DK/missing,Female Level of education: No education,Female Level of education: Primary,Female Level of education: Secondary,Female Level of education: Higher,Female Level of education: DK/missing,Employment: No work in last 12 months,Employment: Worked last 12 months,Employment: Seasonally,Employment: Occasionally,Respondent's occupation: Agricultural - own land,Respondent's occupation: Agricultural - other,Respondent's occupation: Professional technical managerial,Respondent's occupation: Sales services,Respondent's occupation: Skilled manual,Respondent's occupation: Unskilled manual,Respondent's occupation: Household & domestic,Respondent's occupation: Other,No schooling or primary school: Can read a whole sentence,No schooling or primary school: Can read part of a sentence,No schooling or primary school: Cannot read at all,No schooling or primary school: No card with required language,No schooling or primary school: Missing,Mass communication media: No mass media,Mass communication media: Reads newspaper,Mass communication media: Watches television,Mass communication media: Listens to radio weekly,Mass communication media: All three media,Source of drinking water: Piped water,Source of drinking water: Well water,Source of drinking water: Surface water,Source of drinking water: Rainwater,Source of drinking water: Bottled water/Demi John,Source of drinking water: Other,Time to water source: Water within 15 minutes,Time to water source: Median time to source,Type of toilet facility: Flush toilet,Type of toilet facility: Pit toilet latrine,Type of toilet facility: No facility,Has electricity: No,Has electricity: Yes,Main floor material: Natural,Main floor material: Rudimentary,Main floor material: Finished,Household possessions: Radio,Household possessions: Television,Household possessions: Telephone,Household possessions: Refrigerator,Household possessions: Bicycle,Household possessions: Motorcycle,Household possessions: Private car,Household possessions: None of the previous
0.0,DAKAR,DAKAR,PARCELLES ASSAINIES,493477,496542,990019,582558,570050,1152608,1.180517025,1.1480398440000001,13.6,11.2,10.6,9.3,10.4,9.9,7.8,5.9,4.8,2.9,3.8,2.9,1.8,1.3,1.2,0.4,0.9,1.3,0.0,5.5,8.0,7.7,9.9,8.9,9.4,8.1,7.7,34.8,67.8,32.2,58.2,23.1,3.8,3.7,0.6,8.1,1.1,0.9,2.5,80.8,10.6,4.0,0.0,2.2,60.8,29.6,7.1,2.5,0.0,74.9,63.9,68.9,31.1,12.0,73.7,65.7,69.7,34.2,21.3,25.3,37.8,25.3,8.0,3.5,33.4,38.9,21.5,5.0,1.2,41.5,45.4,5.9,7.2,,0.6,9.8,68.2,1.4,1.8,16.8,1.4,12.7,12.0,40.3,0.1,0.1,4.2,31.6,91.7,69.1,25.4,92.9,2.2,0.2,0.0,3.0,1.6,96.3,0.0,69.0,30.5,0.5,6.4,93.6,4.9,0.0,95.1,75.6,84.5,25.8,45.6,7.6,8.3,2.7,6.7
1.0,DAKAR,DAKAR,ALMADIES,493477,496542,990019,582558,570050,1152608,1.180517025,1.1480398440000001,13.6,11.2,10.6,9.3,10.4,9.9,7.8,5.9,4.8,2.9,3.8,2.9,1.8,1.3,1.2,0.4,0.9,1.3,0.0,5.5,8.0,7.7,9.9,8.9,9.4,8.1,7.7,34.8,67.8,32.2,58.2,23.1,3.8,3.7,0.6,8.1,1.1,0.9,2.5,80.8,10.6,4.0,0.0,2.2,60.8,29.6,7.1,2.5,0.0,74.9,63.9,68.9,31.1,12.0,73.7,65.7,69.7,34.2,21.3,25.3,37.8,25.3,8.0,3.5,33.4,38.9,21.5,5.0,1.2,41.5,45.4,5.9,7.2,,0.6,9.8,68.2,1.4,1.8,16.8,1.4,12.7,12.0,40.3,0.1,0.1,4.2,31.6,91.7,69.1,25.4,92.9,2.2,0.2,0.0,3.0,1.6,96.3,0.0,69.0,30.5,0.5,6.4,93.6,4.9,0.0,95.1,75.6,84.5,25.8,45.6,7.6,8.3,2.7,6.7
2.0,DAKAR,DAKAR,GRAND DAKAR,493477,496542,990019,582558,570050,1152608,1.180517025,1.1480398440000001,13.6,11.2,10.6,9.3,10.4,9.9,7.8,5.9,4.8,2.9,3.8,2.9,1.8,1.3,1.2,0.4,0.9,1.3,0.0,5.5,8.0,7.7,9.9,8.9,9.4,8.1,7.7,34.8,67.8,32.2,58.2,23.1,3.8,3.7,0.6,8.1,1.1,0.9,2.5,80.8,10.6,4.0,0.0,2.2,60.8,29.6,7.1,2.5,0.0,74.9,63.9,68.9,31.1,12.0,73.7,65.7,69.7,34.2,21.3,25.3,37.8,25.3,8.0,3.5,33.4,38.9,21.5,5.0,1.2,41.5,45.4,5.9,7.2,,0.6,9.8,68.2,1.4,1.8,16.8,1.4,12.7,12.0,40.3,0.1,0.1,4.2,31.6,91.7,69.1,25.4,92.9,2.2,0.2,0.0,3.0,1.6,96.3,0.0,69.0,30.5,0.5,6.4,93.6,4.9,0.0,95.1,75.6,84.5,25.8,45.6,7.6,8.3,2.7,6.7
3.0,DAKAR,DAKAR,DAKAR PLATEAU,493477,496542,990019,582558,570050,1152608,1.180517025,1.1480398440000001,13.6,11.2,10.6,9.3,10.4,9.9,7.8,5.9,4.8,2.9,3.8,2.9,1.8,1.3,1.2,0.4,0.9,1.3,0.0,5.5,8.0,7.7,9.9,8.9,9.4,8.1,7.7,34.8,67.8,32.2,58.2,23.1,3.8,3.7,0.6,8.1,1.1,0.9,2.5,80.8,10.6,4.0,0.0,2.2,60.8,29.6,7.1,2.5,0.0,74.9,63.9,68.9,31.1,12.0,73.7,65.7,69.7,34.2,21.3,25.3,37.8,25.3,8.0,3.5,33.4,38.9,21.5,5.0,1.2,41.5,45.4,5.9,7.2,,0.6,9.8,68.2,1.4,1.8,16.8,1.4,12.7,12.0,40.3,0.1,0.1,4.2,31.6,91.7,69.1,25.4,92.9,2.2,0.2,0.0,3.0,1.6,96.3,0.0,69.0,30.5,0.5,6.4,93.6,4.9,0.0,95.1,75.6,84.5,25.8,45.6,7.6,8.3,2.7,6.7
4.0,DAKAR,GUEDIAWAYE,GUEDIAWAYE,148139,149487,297626,174880,176114,350994,1.180512897,1.178122512,13.6,11.2,10.6,9.3,10.4,9.9,7.8,5.9,4.8,2.9,3.8,2.9,1.8,1.3,1.2,0.4,0.9,1.3,0.0,5.5,8.0,7.7,9.9,8.9,9.4,8.1,7.7,34.8,67.8,32.2,58.2,23.1,3.8,3.7,0.6,8.1,1.1,0.9,2.5,80.8,10.6,4.0,0.0,2.2,60.8,29.6,7.1,2.5,0.0,74.9,63.9,68.9,31.1,12.0,73.7,65.7,69.7,34.2,21.3,25.3,37.8,25.3,8.0,3.5,33.4,38.9,21.5,5.0,1.2,41.5,45.4,5.9,7.2,,0.6,9.8,68.2,1.4,1.8,16.8,1.4,12.7,12.0,40.3,0.1,0.1,4.2,31.6,91.7,69.1,25.4,92.9,2.2,0.2,0.0,3.0,1.6,96.3,0.0,69.0,30.5,0.5,6.4,93.6,4.9,0.0,95.1,75.6,84.5,25.8,45.6,7.6,8.3,2.7,6.7
5.0,DAKAR,PIKINE,PIKINE DAGOUDANE,443379,439049,882428,523416,517254,1040670,1.1805159920000001,1.1781236259999999,13.6,11.2,10.6,9.3,10.4,9.9,7.8,5.9,4.8,2.9,3.8,2.9,1.8,1.3,1.2,0.4,0.9,1.3,0.0,5.5,8.0,7.7,9.9,8.9,9.4,8.1,7.7,34.8,67.8,32.2,58.2,23.1,3.8,3.7,0.6,8.1,1.1,0.9,2.5,80.8,10.6,4.0,0.0,2.2,60.8,29.6,7.1,2.5,0.0,74.9,63.9,68.9,31.1,12.0,73.7,65.7,69.7,34.2,21.3,25.3,37.8,25.3,8.0,3.5,33.4,38.9,21.5,5.0,1.2,41.5,45.4,5.9,7.2,,0.6,9.8,68.2,1.4,1.8,16.8,1.4,12.7,12.0,40.3,0.1,0.1,4.2,31.6,91.7,69.1,25.4,92.9,2.2,0.2,0.0,3.0,1.6,96.3,0.0,69.0,30.5,0.5,6.4,93.6,4.9,0.0,95.1,75.6,84.5,25.8,45.6,7.6,8.3,2.7,6.7
6.0,DAKAR,PIKINE,THIAROYE,443379,439049,882428,523416,517254,1040670,1.1805159920000001,1.1781236259999999,13.6,11.2,10.6,9.3,10.4,9.9,7.8,5.9,4.8,2.9,3.8,2.9,1.8,1.3,1.2,0.4,0.9,1.3,0.0,5.5,8.0,7.7,9.9,8.9,9.4,8.1,7.7,34.8,67.8,32.2,58.2,23.1,3.8,3.7,0.6,8.1,1.1,0.9,2.5,80.8,10.6,4.0,0.0,2.2,60.8,29.6,7.1,2.5,0.0,74.9,63.9,68.9,31.1,12.0,73.7,65.7,69.7,34.2,21.3,25.3,37.8,25.3,8.0,3.5,33.4,38.9,21.5,5.0,1.2,41.5,45.4,5.9,7.2,,0.6,9.8,68.2,1.4,1.8,16.8,1.4,12.7,12.0,40.3,0.1,0.1,4.2,31.6,91.7,69.1,25.4,92.9,2.2,0.2,0.0,3.0,1.6,96.3,0.0,69.0,30.5,0.5,6.4,93.6,4.9,0.0,95.1,75.6,84.5,25.8,45.6,7.6,8.3,2.7,6.7
7.0,DAKAR,PIKINE,NIAYES,443379,439049,882428,523416,517254,1040670,1.1805159920000001,1.1781236259999999,13.6,11.2,10.6,9.3,10.4,9.9,7.8,5.9,4.8,2.9,3.8,2.9,1.8,1.3,1.2,0.4,0.9,1.3,0.0,5.5,8.0,7.7,9.9,8.9,9.4,8.1,7.7,34.8,67.8,32.2,58.2,23.1,3.8,3.7,0.6,8.1,1.1,0.9,2.5,80.8,10.6,4.0,0.0,2.2,60.8,29.6,7.1,2.5,0.0,74.9,63.9,68.9,31.1,12.0,73.7,65.7,69.7,34.2,21.3,25.3,37.8,25.3,8.0,3.5,33.4,38.9,21.5,5.0,1.2,41.5,45.4,5.9,7.2,,0.6,9.8,68.2,1.4,1.8,16.8,1.4,12.7,12.0,40.3,0.1,0.1,4.2,31.6,91.7,69.1,25.4,92.9,2.2,0.2,0.0,3.0,1.6,96.3,0.0,69.0,30.5,0.5,6.4,93.6,4.9,0.0,95.1,75.6,84.5,25.8,45.6,7.6,8.3,2.7,6.7
8.0,DAKAR,RUFISQUE,RUFISQUE,157469,154753,312222,185895,182318,368213,1.18051807,1.178122557,13.6,11.2,10.6,9.3,10.4,9.9,7.8,5.9,4.8,2.9,3.8,2.9,1.8,1.3,1.2,0.4,0.9,1.3,0.0,5.5,8.0,7.7,9.9,8.9,9.4,8.1,7.7,34.8,67.8,32.2,58.2,23.1,3.8,3.7,0.6,8.1,1.1,0.9,2.5,80.8,10.6,4.0,0.0,2.2,60.8,29.6,7.1,2.5,0.0,74.9,63.9,68.9,31.1,12.0,73.7,65.7,69.7,34.2,21.3,25.3,37.8,25.3,8.0,3.5,33.4,38.9,21.5,5.0,1.2,41.5,45.4,5.9,7.2,,0.6,9.8,68.2,1.4,1.8,16.8,1.4,12.7,12.0,40.3,0.1,0.1,4.2,31.6,91.7,69.1,25.4,92.9,2.2,0.2,0.0,3.0,1.6,96.3,0.0,69.0,30.5,0.5,6.4,93.6,4.9,0.0,95.1,75.6,84.5,25.8,45.6,7.6,8.3,2.7,6.7
9.0,DAKAR,RUFISQUE,BAMBILOR,157469,154753,312222,185895,182318,368213,1.18051807,1.178122557,13.6,11.2,10.6,9.3,10.4,9.9,7.8,5.9,4.8,2.9,3.8,2.9,1.8,1.3,1.2,0.4,0.9,1.3,0.0,5.5,8.0,7.7,9.9,8.9,9.4,8.1,7.7,34.8,67.8,32.2,58.2,23.1,3.8,3.7,0.6,8.1,1.1,0.9,2.5,80.8,10.6,4.0,0.0,2.2,60.8,29.6,7.1,2.5,0.0,74.9,63.9,68.9,31.1,12.0,73.7,65.7,69.7,34.2,21.3,25.3,37.8,25.3,8.0,3.5,33.4,38.9,21.5,5.0,1.2,41.5,45.4,5.9,7.2,,0.6,9.8,68.2,1.4,1.8,16.8,1.4,12.7,12.0,40.3,0.1,0.1,4.2,31.6,91.7,69.1,25.4,92.9,2.2,0.2,0.0,3.0,1.6,96.3,0.0,69.0,30.5,0.5,6.4,93.6,4.9,0.0,95.1,75.6,84.5,25.8,45.6,7.6,8.3,2.7,6.7
10.0,THIES,THIES,KEUR MOUSSA,281081,290652,571733,338520,349057,687577,1.241837762,1.200944772,13.6,11.2,10.6,9.3,10.4,9.9,7.8,5.9,4.8,2.9,3.8,2.9,1.8,1.3,1.2,0.4,0.9,1.3,0.0,5.5,8.0,7.7,9.9,8.9,9.4,8.1,7.7,34.8,67.8,32.2,58.2,23.1,3.8,3.7,0.6,8.1,1.1,0.9,2.5,80.8,10.6,4.0,0.0,2.2,60.8,29.6,7.1,2.5,0.0,74.9,63.9,68.9,31.1,12.0,73.7,65.7,69.7,34.2,21.3,25.3,37.8,25.3,8.0,3.5,33.4,38.9,21.5,5.0,1.2,41.5,45.4,5.9,7.2,,0.6,9.8,68.2,1.4,1.8,16.8,1.4,12.7,12.0,40.3,0.1,0.1,4.2,31.6,91.7,69.1,25.4,92.9,2.2,0.2,0.0,3.0,1.6,96.3,0.0,69.0,30.5,0.5,6.4,93.6,4.9,0.0,95.1,75.6,84.5,25.8,45.6,7.6,8.3,2.7,6.7
11.0,THIES,MBOUR,SINDIA,284200,275430,559630,342277,330776,673053,1.163884588,1.200943979,13.6,11.2,10.6,9.3,10.4,9.9,7.8,5.9,4.8,2.9,3.8,2.9,1.8,1.3,1.2,0.4,0.9,1.3,0.0,5.5,8.0,7.7,9.9,8.9,9.4,8.1,7.7,34.8,67.8,32.2,58.2,23.1,3.8,3.7,0.6,8.1,1.1,0.9,2.5,80.8,10.6,4.0,0.0,2.2,60.8,29.6,7.1,2.5,0.0,74.9,63.9,68.9,31.1,12.0,73.7,65.7,69.7,34.2,21.3,25.3,37.8,25.3,8.0,3.5,33.4,38.9,21.5,5.0,1.2,41.5,45.4,5.9,7.2,,0.6,9.8,68.2,1.4,1.8,16.8,1.4,12.7,12.0,40.3,0.1,0.1,4.2,31.6,91.7,69.1,25.4,92.9,2.2,0.2,0.0,3.0,1.6,96.3,0.0,69.0,30.5,0.5,6.4,93.6,4.9,0.0,95.1,75.6,84.5,25.8,45.6,7.6,8.3,2.7,6.7
12.0,THIES,THIES,NOTTO,281081,290652,571733,338520,349057,687577,1.241837762,1.200944772,13.6,11.2,10.6,9.3,10.4,9.9,7.8,5.9,4.8,2.9,3.8,2.9,1.8,1.3,1.2,0.4,0.9,1.3,0.0,5.5,8.0,7.7,9.9,8.9,9.4,8.1,7.7,34.8,67.8,32.2,58.2,23.1,3.8,3.7,0.6,8.1,1.1,0.9,2.5,80.8,10.6,4.0,0.0,2.2,60.8,29.6,7.1,2.5,0.0,74.9,63.9,68.9,31.1,12.0,73.7,65.7,69.7,34.2,21.3,25.3,37.8,25.3,8.0,3.5,33.4,38.9,21.5,5.0,1.2,41.5,45.4,5.9,7.2,,0.6,9.8,68.2,1.4,1.8,16.8,1.4,12.7,12.0,40.3,0.1,0.1,4.2,31.6,91.7,69.1,25.4,92.9,2.2,0.2,0.0,3.0,1.6,96.3,0.0,69.0,30.5,0.5,6.4,93.6,4.9,0.0,95.1,75.6,84.5,25.8,45.6,7.6,8.3,2.7,6.7
13.0,THIES,THIES,THIENABA,281081,290652,571733,338520,349057,687577,1.241837762,1.200944772,13.6,11.2,10.6,9.3,10.4,9.9,7.8,5.9,4.8,2.9,3.8,2.9,1.8,1.3,1.2,0.4,0.9,1.3,0.0,5.5,8.0,7.7,9.9,8.9,9.4,8.1,7.7,34.8,67.8,32.2,58.2,23.1,3.8,3.7,0.6,8.1,1.1,0.9,2.5,80.8,10.6,4.0,0.0,2.2,60.8,29.6,7.1,2.5,0.0,74.9,63.9,68.9,31.1,12.0,73.7,65.7,69.7,34.2,21.3,25.3,37.8,25.3,8.0,3.5,33.4,38.9,21.5,5.0,1.2,41.5,45.4,5.9,7.2,,0.6,9.8,68.2,1.4,1.8,16.8,1.4,12.7,12.0,40.3,0.1,0.1,4.2,31.6,91.7,69.1,25.4,92.9,2.2,0.2,0.0,3.0,1.6,96.3,0.0,69.0,30.5,0.5,6.4,93.6,4.9,0.0,95.1,75.6,84.5,25.8,45.6,7.6,8.3,2.7,6.7
14.0,THIES,TIVAOUANE,PAMBAL,219595,219192,438787,264470,263237,527707,1.198738587,1.200942553,13.6,11.2,10.6,9.3,10.4,9.9,7.8,5.9,4.8,2.9,3.8,2.9,1.8,1.3,1.2,0.4,0.9,1.3,0.0,5.5,8.0,7.7,9.9,8.9,9.4,8.1,7.7,34.8,67.8,32.2,58.2,23.1,3.8,3.7,0.6,8.1,1.1,0.9,2.5,80.8,10.6,4.0,0.0,2.2,60.8,29.6,7.1,2.5,0.0,74.9,63.9,68.9,31.1,12.0,73.7,65.7,69.7,34.2,21.3,25.3,37.8,25.3,8.0,3.5,33.4,38.9,21.5,5.0,1.2,41.5,45.4,5.9,7.2,,0.6,9.8,68.2,1.4,1.8,16.8,1.4,12.7,12.0,40.3,0.1,0.1,4.2,31.6,91.7,69.1,25.4,92.9,2.2,0.2,0.0,3.0,1.6,96.3,0.0,69.0,30.5,0.5,6.4,93.6,4.9,0.0,95.1,75.6,84.5,25.8,45.6,7.6,8.3,2.7,6.7
15.0,THIES,TIVAOUANE,MEOUANE,219595,219192,438787,264470,263237,527707,1.198738587,1.200942553,13.6,11.2,10.6,9.3,10.4,9.9,7.8,5.9,4.8,2.9,3.8,2.9,1.8,1.3,1.2,0.4,0.9,1.3,0.0,5.5,8.0,7.7,9.9,8.9,9.4,8.1,7.7,34.8,67.8,32.2,58.2,23.1,3.8,3.7,0.6,8.1,1.1,0.9,2.5,80.8,10.6,4.0,0.0,2.2,60.8,29.6,7.1,2.5,0.0,74.9,63.9,68.9,31.1,12.0,73.7,65.7,69.7,34.2,21.3,25.3,37.8,25.3,8.0,3.5,33.4,38.9,21.5,5.0,1.2,41.5,45.4,5.9,7.2,,0.6,9.8,68.2,1.4,1.8,16.8,1.4,12.7,12.0,40.3,0.1,0.1,4.2,31.6,91.7,69.1,25.4,92.9,2.2,0.2,0.0,3.0,1.6,96.3,0.0,69.0,30.5,0.5,6.4,93.6,4.9,0.0,95.1,75.6,84.5,25.8,45.6,7.6,8.3,2.7,6.7
16.0,THIES,TIVAOUANE,MERINA DAKHAR,219595,219192,438787,264470,263237,527707,1.198738587,1.200942553,13.6,11.2,10.6,9.3,10.4,9.9,7.8,5.9,4.8,2.9,3.8,2.9,1.8,1.3,1.2,0.4,0.9,1.3,0.0,5.5,8.0,7.7,9.9,8.9,9.4,8.1,7.7,34.8,67.8,32.2,58.2,23.1,3.8,3.7,0.6,8.1,1.1,0.9,2.5,80.8,10.6,4.0,0.0,2.2,60.8,29.6,7.1,2.5,0.0,74.9,63.9,68.9,31.1,12.0,73.7,65.7,69.7,34.2,21.3,25.3,37.8,25.3,8.0,3.5,33.4,38.9,21.5,5.0,1.2,41.5,45.4,5.9,7.2,,0.6,9.8,68.2,1.4,1.8,16.8,1.4,12.7,12.0,40.3,0.1,0.1,4.2,31.6,91.7,69.1,25.4,92.9,2.2,0.2,0.0,3.0,1.6,96.3,0.0,69.0,30.5,0.5,6.4,93.6,4.9,0.0,95.1,75.6,84.5,25.8,45.6,7.6,8.3,2.7,6.7
17.0,THIES,TIVAOUANE,NIAKHENE,219595,219192,438787,264470,263237,527707,1.198738587,1.200942553,13.6,11.2,10.6,9.3,10.4,9.9,7.8,5.9,4.8,2.9,3.8,2.9,1.8,1.3,1.2,0.4,0.9,1.3,0.0,5.5,8.0,7.7,9.9,8.9,9.4,8.1,7.7,34.8,67.8,32.2,58.2,23.1,3.8,3.7,0.6,8.1,1.1,0.9,2.5,80.8,10.6,4.0,0.0,2.2,60.8,29.6,7.1,2.5,0.0,74.9,63.9,68.9,31.1,12.0,73.7,65.7,69.7,34.2,21.3,25.3,37.8,25.3,8.0,3.5,33.4,38.9,21.5,5.0,1.2,41.5,45.4,5.9,7.2,,0.6,9.8,68.2,1.4,1.8,16.8,1.4,12.7,12.0,40.3,0.1,0.1,4.2,31.6,91.7,69.1,25.4,92.9,2.2,0.2,0.0,3.0,1.6,96.3,0.0,69.0,30.5,0.5,6.4,93.6,4.9,0.0,95.1,75.6,84.5,25.8,45.6,7.6,8.3,2.7,6.7
18.0,THIES,THIES,THIES SUD,281081,290652,571733,338520,349057,687577,1.241837762,1.200944772,13.6,11.2,10.6,9.3,10.4,9.9,7.8,5.9,4.8,2.9,3.8,2.9,1.8,1.3,1.2,0.4,0.9,1.3,0.0,5.5,8.0,7.7,9.9,8.9,9.4,8.1,7.7,34.8,67.8,32.2,58.2,23.1,3.8,3.7,0.6,8.1,1.1,0.9,2.5,80.8,10.6,4.0,0.0,2.2,60.8,29.6,7.1,2.5,0.0,74.9,63.9,68.9,31.1,12.0,73.7,65.7,69.7,34.2,21.3,25.3,37.8,25.3,8.0,3.5,33.4,38.9,21.5,5.0,1.2,41.5,45.4,5.9,7.2,,0.6,9.8,68.2,1.4,1.8,16.8,1.4,12.7,12.0,40.3,0.1,0.1,4.2,31.6,91.7,69.1,25.4,92.9,2.2,0.2,0.0,3.0,1.6,96.3,0.0,69.0,30.5,0.5,6.4,93.6,4.9,0.0,95.1,75.6,84.5,25.8,45.6,7.6,8.3,2.7,6.7
19.0,THIES,THIES,THIES NORD,281081,290652,571733,338520,349057,687577,1.241837762,1.200944772,13.6,11.2,10.6,9.3,10.4,9.9,7.8,5.9,4.8,2.9,3.8,2.9,1.8,1.3,1.2,0.4,0.9,1.3,0.0,5.5,8.0,7.7,9.9,8.9,9.4,8.1,7.7,34.8,67.8,32.2,58.2,23.1,3.8,3.7,0.6,8.1,1.1,0.9,2.5,80.8,10.6,4.0,0.0,2.2,60.8,29.6,7.1,2.5,0.0,74.9,63.9,68.9,31.1,12.0,73.7,65.7,69.7,34.2,21.3,25.3,37.8,25.3,8.0,3.5,33.4,38.9,21.5,5.0,1.2,41.5,45.4,5.9,7.2,,0.6,9.8,68.2,1.4,1.8,16.8,1.4,12.7,12.0,40.3,0.1,0.1,4.2,31.6,91.7,69.1,25.4,92.9,2.2,0.2,0.0,3.0,1.6,96.3,0.0,69.0,30.5,0.5,6.4,93.6,4.9,0.0,95.1,75.6,84.5,25.8,45.6,7.6,8.3,2.7,6.7
20.0,THIES,MBOUR,FISSEL,284200,275430,559630,342277,330776,673053,1.163884588,1.200943979,13.6,11.2,10.6,9.3,10.4,9.9,7.8,5.9,4.8,2.9,3.8,2.9,1.8,1.3,1.2,0.4,0.9,1.3,0.0,5.5,8.0,7.7,9.9,8.9,9.4,8.1,7.7,34.8,67.8,32.2,58.2,23.1,3.8,3.7,0.6,8.1,1.1,0.9,2.5,80.8,10.6,4.0,0.0,2.2,60.8,29.6,7.1,2.5,0.0,74.9,63.9,68.9,31.1,12.0,73.7,65.7,69.7,34.2,21.3,25.3,37.8,25.3,8.0,3.5,33.4,38.9,21.5,5.0,1.2,41.5,45.4,5.9,7.2,,0.6,9.8,68.2,1.4,1.8,16.8,1.4,12.7,12.0,40.3,0.1,0.1,4.2,31.6,91.7,69.1,25.4,92.9,2.2,0.2,0.0,3.0,1.6,96.3,0.0,69.0,30.5,0.5,6.4,93.6,4.9,0.0,95.1,75.6,84.5,25.8,45.6,7.6,8.3,2.7,6.7
21.0,THIES,MBOUR,SESSENE,284200,275430,559630,342277,330776,673053,1.163884588,1.200943979,13.6,11.2,10.6,9.3,10.4,9.9,7.8,5.9,4.8,2.9,3.8,2.9,1.8,1.3,1.2,0.4,0.9,1.3,0.0,5.5,8.0,7.7,9.9,8.9,9.4,8.1,7.7,34.8,67.8,32.2,58.2,23.1,3.8,3.7,0.6,8.1,1.1,0.9,2.5,80.8,10.6,4.0,0.0,2.2,60.8,29.6,7.1,2.5,0.0,74.9,63.9,68.9,31.1,12.0,73.7,65.7,69.7,34.2,21.3,25.3,37.8,25.3,8.0,3.5,33.4,38.9,21.5,5.0,1.2,41.5,45.4,5.9,7.2,,0.6,9.8,68.2,1.4,1.8,16.8,1.4,12.7,12.0,40.3,0.1,0.1,4.2,31.6,91.7,69.1,25.4,92.9,2.2,0.2,0.0,3.0,1.6,96.3,0.0,69.0,30.5,0.5,6.4,93.6,4.9,0.0,95.1,75.6,84.5,25.8,45.6,7.6,8.3,2.7,6.7
22.0,DIOURBEL,MBACKE,TAIF,334974,388931,723905,414418,472587,887005,1.4108169590000001,1.215092137,18.8,16.4,12.3,10.2,8.4,6.2,5.2,3.9,3.5,2.9,3.4,2.3,1.8,1.2,1.9,0.8,0.9,0.1,0.0,2.3,1.9,4.5,4.3,9.6,10.4,8.9,6.4,51.7,69.1,30.9,48.0,33.4,1.8,2.5,0.7,11.8,0.7,1.0,0.5,11.0,25.1,56.7,4.4,2.3,69.7,26.2,3.2,1.0,0.0,25.8,25.7,25.8,7.9,1.4,21.7,33.3,26.8,15.5,7.2,75.8,15.6,7.1,0.7,0.8,80.0,14.0,5.4,0.1,0.5,48.1,34.5,7.9,9.5,,12.9,3.0,69.8,3.3,3.6,7.1,0.3,4.9,5.6,79.4,0.1,0.1,24.6,3.8,60.7,58.4,3.3,77.6,11.8,0.1,0.0,2.0,8.6,86.7,0.0,20.8,59.8,19.4,47.1,52.9,31.2,0.1,68.6,79.0,48.2,8.7,16.8,5.2,5.2,5.1,16.4
23.0,DIOURBEL,MBACKE,KAEL,334974,388931,723905,414418,472587,887005,1.4108169590000001,1.215092137,18.8,16.4,12.3,10.2,8.4,6.2,5.2,3.9,3.5,2.9,3.4,2.3,1.8,1.2,1.9,0.8,0.9,0.1,0.0,2.3,1.9,4.5,4.3,9.6,10.4,8.9,6.4,51.7,69.1,30.9,48.0,33.4,1.8,2.5,0.7,11.8,0.7,1.0,0.5,11.0,25.1,56.7,4.4,2.3,69.7,26.2,3.2,1.0,0.0,25.8,25.7,25.8,7.9,1.4,21.7,33.3,26.8,15.5,7.2,75.8,15.6,7.1,0.7,0.8,80.0,14.0,5.4,0.1,0.5,48.1,34.5,7.9,9.5,,12.9,3.0,69.8,3.3,3.6,7.1,0.3,4.9,5.6,79.4,0.1,0.1,24.6,3.8,60.7,58.4,3.3,77.6,11.8,0.1,0.0,2.0,8.6,86.7,0.0,20.8,59.8,19.4,47.1,52.9,31.2,0.1,68.6,79.0,48.2,8.7,16.8,5.2,5.2,5.1,16.4
24.0,DIOURBEL,MBACKE,NDAME,334974,388931,723905,414418,472587,887005,1.4108169590000001,1.215092137,18.8,16.4,12.3,10.2,8.4,6.2,5.2,3.9,3.5,2.9,3.4,2.3,1.8,1.2,1.9,0.8,0.9,0.1,0.0,2.3,1.9,4.5,4.3,9.6,10.4,8.9,6.4,51.7,69.1,30.9,48.0,33.4,1.8,2.5,0.7,11.8,0.7,1.0,0.5,11.0,25.1,56.7,4.4,2.3,69.7,26.2,3.2,1.0,0.0,25.8,25.7,25.8,7.9,1.4,21.7,33.3,26.8,15.5,7.2,75.8,15.6,7.1,0.7,0.8,80.0,14.0,5.4,0.1,0.5,48.1,34.5,7.9,9.5,,12.9,3.0,69.8,3.3,3.6,7.1,0.3,4.9,5.6,79.4,0.1,0.1,24.6,3.8,60.7,58.4,3.3,77.6,11.8,0.1,0.0,2.0,8.6,86.7,0.0,20.8,59.8,19.4,47.1,52.9,31.2,0.1,68.6,79.0,48.2,8.7,16.8,5.2,5.2,5.1,16.4
25.0,DIOURBEL,DIOURBEL,NDOULO,123973,130727,254700,153375,158846,312221,1.2812951209999999,1.215097111,18.8,16.4,12.3,10.2,8.4,6.2,5.2,3.9,3.5,2.9,3.4,2.3,1.8,1.2,1.9,0.8,0.9,0.1,0.0,2.3,1.9,4.5,4.3,9.6,10.4,8.9,6.4,51.7,69.1,30.9,48.0,33.4,1.8,2.5,0.7,11.8,0.7,1.0,0.5,11.0,25.1,56.7,4.4,2.3,69.7,26.2,3.2,1.0,0.0,25.8,25.7,25.8,7.9,1.4,21.7,33.3,26.8,15.5,7.2,75.8,15.6,7.1,0.7,0.8,80.0,14.0,5.4,0.1,0.5,48.1,34.5,7.9,9.5,,12.9,3.0,69.8,3.3,3.6,7.1,0.3,4.9,5.6,79.4,0.1,0.1,24.6,3.8,60.7,58.4,3.3,77.6,11.8,0.1,0.0,2.0,8.6,86.7,0.0,20.8,59.8,19.4,47.1,52.9,31.2,0.1,68.6,79.0,48.2,8.7,16.8,5.2,5.2,5.1,16.4
26.0,DIOURBEL,DIOURBEL,NDINDY,123973,130727,254700,153375,158846,312221,1.2812951209999999,1.215097111,18.8,16.4,12.3,10.2,8.4,6.2,5.2,3.9,3.5,2.9,3.4,2.3,1.8,1.2,1.9,0.8,0.9,0.1,0.0,2.3,1.9,4.5,4.3,9.6,10.4,8.9,6.4,51.7,69.1,30.9,48.0,33.4,1.8,2.5,0.7,11.8,0.7,1.0,0.5,11.0,25.1,56.7,4.4,2.3,69.7,26.2,3.2,1.0,0.0,25.8,25.7,25.8,7.9,1.4,21.7,33.3,26.8,15.5,7.2,75.8,15.6,7.1,0.7,0.8,80.0,14.0,5.4,0.1,0.5,48.1,34.5,7.9,9.5,,12.9,3.0,69.8,3.3,3.6,7.1,0.3,4.9,5.6,79.4,0.1,0.1,24.6,3.8,60.7,58.4,3.3,77.6,11.8,0.1,0.0,2.0,8.6,86.7,0.0,20.8,59.8,19.4,47.1,52.9,31.2,0.1,68.6,79.0,48.2,8.7,16.8,5.2,5.2,5.1,16.4
27.0,DIOURBEL,BAMBEY,NGOYE,145863,150025,295888,180457,182294,362751,1.249761763,1.215090818,18.8,16.4,12.3,10.2,8.4,6.2,5.2,3.9,3.5,2.9,3.4,2.3,1.8,1.2,1.9,0.8,0.9,0.1,0.0,2.3,1.9,4.5,4.3,9.6,10.4,8.9,6.4,51.7,69.1,30.9,48.0,33.4,1.8,2.5,0.7,11.8,0.7,1.0,0.5,11.0,25.1,56.7,4.4,2.3,69.7,26.2,3.2,1.0,0.0,25.8,25.7,25.8,7.9,1.4,21.7,33.3,26.8,15.5,7.2,75.8,15.6,7.1,0.7,0.8,80.0,14.0,5.4,0.1,0.5,48.1,34.5,7.9,9.5,,12.9,3.0,69.8,3.3,3.6,7.1,0.3,4.9,5.6,79.4,0.1,0.1,24.6,3.8,60.7,58.4,3.3,77.6,11.8,0.1,0.0,2.0,8.6,86.7,0.0,20.8,59.8,19.4,47.1,52.9,31.2,0.1,68.6,79.0,48.2,8.7,16.8,5.2,5.2,5.1,16.4
28.0,DIOURBEL,BAMBEY,LAMBAYE,145863,150025,295888,180457,182294,362751,1.249761763,1.215090818,18.8,16.4,12.3,10.2,8.4,6.2,5.2,3.9,3.5,2.9,3.4,2.3,1.8,1.2,1.9,0.8,0.9,0.1,0.0,2.3,1.9,4.5,4.3,9.6,10.4,8.9,6.4,51.7,69.1,30.9,48.0,33.4,1.8,2.5,0.7,11.8,0.7,1.0,0.5,11.0,25.1,56.7,4.4,2.3,69.7,26.2,3.2,1.0,0.0,25.8,25.7,25.8,7.9,1.4,21.7,33.3,26.8,15.5,7.2,75.8,15.6,7.1,0.7,0.8,80.0,14.0,5.4,0.1,0.5,48.1,34.5,7.9,9.5,,12.9,3.0,69.8,3.3,3.6,7.1,0.3,4.9,5.6,79.4,0.1,0.1,24.6,3.8,60.7,58.4,3.3,77.6,11.8,0.1,0.0,2.0,8.6,86.7,0.0,20.8,59.8,19.4,47.1,52.9,31.2,0.1,68.6,79.0,48.2,8.7,16.8,5.2,5.2,5.1,16.4
29.0,DIOURBEL,BAMBEY,BABA GARAGE,145863,150025,295888,180457,182294,362751,1.249761763,1.215090818,18.8,16.4,12.3,10.2,8.4,6.2,5.2,3.9,3.5,2.9,3.4,2.3,1.8,1.2,1.9,0.8,0.9,0.1,0.0,2.3,1.9,4.5,4.3,9.6,10.4,8.9,6.4,51.7,69.1,30.9,48.0,33.4,1.8,2.5,0.7,11.8,0.7,1.0,0.5,11.0,25.1,56.7,4.4,2.3,69.7,26.2,3.2,1.0,0.0,25.8,25.7,25.8,7.9,1.4,21.7,33.3,26.8,15.5,7.2,75.8,15.6,7.1,0.7,0.8,80.0,14.0,5.4,0.1,0.5,48.1,34.5,7.9,9.5,,12.9,3.0,69.8,3.3,3.6,7.1,0.3,4.9,5.6,79.4,0.1,0.1,24.6,3.8,60.7,58.4,3.3,77.6,11.8,0.1,0.0,2.0,8.6,86.7,0.0,20.8,59.8,19.4,47.1,52.9,31.2,0.1,68.6,79.0,48.2,8.7,16.8,5.2,5.2,5.1,16.4
30.0,FATICK,GOSSAS,COLOBANE,50171,50209,100380,63282,62918,126200,1.254071077,1.25312195,18.6,17.6,14.8,9.1,7.2,5.2,4.8,3.9,3.2,2.4,3.2,2.4,2.2,1.6,1.7,1.1,1.1,0.1,0.0,2.3,1.6,3.0,5.1,6.5,9.4,11.1,10.1,50.8,76.0,24.0,51.5,23.8,2.8,4.5,1.0,13.6,1.3,1.2,0.0,8.6,4.1,77.7,8.3,1.3,62.5,31.1,4.6,1.8,0.0,53.7,59.7,56.5,31.6,12.5,54.0,58.6,56.1,35.5,19.6,43.2,37.7,15.4,1.7,2.0,54.6,32.3,12.3,0.2,0.6,54.5,34.6,6.5,4.4,,16.0,5.3,65.6,0.5,1.2,11.0,0.5,10.4,6.6,60.9,0.1,0.0,32.0,7.3,44.6,54.2,4.6,46.6,43.4,1.4,0.3,0.3,8.0,58.4,9.4,14.7,41.9,43.4,67.2,32.8,55.6,0.2,44.2,62.2,28.3,4.1,8.6,8.8,7.0,1.5,32.3
31.0,FATICK,FATICK,NIAKHAR,159082,160293,319375,200652,200875,401527,1.262713569,1.253173875,18.6,17.6,14.8,9.1,7.2,5.2,4.8,3.9,3.2,2.4,3.2,2.4,2.2,1.6,1.7,1.1,1.1,0.1,0.0,2.3,1.6,3.0,5.1,6.5,9.4,11.1,10.1,50.8,76.0,24.0,51.5,23.8,2.8,4.5,1.0,13.6,1.3,1.2,0.0,8.6,4.1,77.7,8.3,1.3,62.5,31.1,4.6,1.8,0.0,53.7,59.7,56.5,31.6,12.5,54.0,58.6,56.1,35.5,19.6,43.2,37.7,15.4,1.7,2.0,54.6,32.3,12.3,0.2,0.6,54.5,34.6,6.5,4.4,,16.0,5.3,65.6,0.5,1.2,11.0,0.5,10.4,6.6,60.9,0.1,0.0,32.0,7.3,44.6,54.2,4.6,46.6,43.4,1.4,0.3,0.3,8.0,58.4,9.4,14.7,41.9,43.4,67.2,32.8,55.6,0.2,44.2,62.2,28.3,4.1,8.6,8.8,7.0,1.5,32.3
32.0,FATICK,FATICK,TATTAGUINE,159082,160293,319375,200652,200875,401527,1.262713569,1.253173875,18.6,17.6,14.8,9.1,7.2,5.2,4.8,3.9,3.2,2.4,3.2,2.4,2.2,1.6,1.7,1.1,1.1,0.1,0.0,2.3,1.6,3.0,5.1,6.5,9.4,11.1,10.1,50.8,76.0,24.0,51.5,23.8,2.8,4.5,1.0,13.6,1.3,1.2,0.0,8.6,4.1,77.7,8.3,1.3,62.5,31.1,4.6,1.8,0.0,53.7,59.7,56.5,31.6,12.5,54.0,58.6,56.1,35.5,19.6,43.2,37.7,15.4,1.7,2.0,54.6,32.3,12.3,0.2,0.6,54.5,34.6,6.5,4.4,,16.0,5.3,65.6,0.5,1.2,11.0,0.5,10.4,6.6,60.9,0.1,0.0,32.0,7.3,44.6,54.2,4.6,46.6,43.4,1.4,0.3,0.3,8.0,58.4,9.4,14.7,41.9,43.4,67.2,32.8,55.6,0.2,44.2,62.2,28.3,4.1,8.6,8.8,7.0,1.5,32.3
33.0,FATICK,GOSSAS,OUADIOUR,50171,50209,100380,63282,62918,126200,1.254071077,1.25312195,18.6,17.6,14.8,9.1,7.2,5.2,4.8,3.9,3.2,2.4,3.2,2.4,2.2,1.6,1.7,1.1,1.1,0.1,0.0,2.3,1.6,3.0,5.1,6.5,9.4,11.1,10.1,50.8,76.0,24.0,51.5,23.8,2.8,4.5,1.0,13.6,1.3,1.2,0.0,8.6,4.1,77.7,8.3,1.3,62.5,31.1,4.6,1.8,0.0,53.7,59.7,56.5,31.6,12.5,54.0,58.6,56.1,35.5,19.6,43.2,37.7,15.4,1.7,2.0,54.6,32.3,12.3,0.2,0.6,54.5,34.6,6.5,4.4,,16.0,5.3,65.6,0.5,1.2,11.0,0.5,10.4,6.6,60.9,0.1,0.0,32.0,7.3,44.6,54.2,4.6,46.6,43.4,1.4,0.3,0.3,8.0,58.4,9.4,14.7,41.9,43.4,67.2,32.8,55.6,0.2,44.2,62.2,28.3,4.1,8.6,8.8,7.0,1.5,32.3
34.0,FATICK,FATICK,NDIOB,159082,160293,319375,200652,200875,401527,1.262713569,1.253173875,18.6,17.6,14.8,9.1,7.2,5.2,4.8,3.9,3.2,2.4,3.2,2.4,2.2,1.6,1.7,1.1,1.1,0.1,0.0,2.3,1.6,3.0,5.1,6.5,9.4,11.1,10.1,50.8,76.0,24.0,51.5,23.8,2.8,4.5,1.0,13.6,1.3,1.2,0.0,8.6,4.1,77.7,8.3,1.3,62.5,31.1,4.6,1.8,0.0,53.7,59.7,56.5,31.6,12.5,54.0,58.6,56.1,35.5,19.6,43.2,37.7,15.4,1.7,2.0,54.6,32.3,12.3,0.2,0.6,54.5,34.6,6.5,4.4,,16.0,5.3,65.6,0.5,1.2,11.0,0.5,10.4,6.6,60.9,0.1,0.0,32.0,7.3,44.6,54.2,4.6,46.6,43.4,1.4,0.3,0.3,8.0,58.4,9.4,14.7,41.9,43.4,67.2,32.8,55.6,0.2,44.2,62.2,28.3,4.1,8.6,8.8,7.0,1.5,32.3
35.0,FATICK,FATICK,FIMELA,159082,160293,319375,200652,200875,401527,1.262713569,1.253173875,18.6,17.6,14.8,9.1,7.2,5.2,4.8,3.9,3.2,2.4,3.2,2.4,2.2,1.6,1.7,1.1,1.1,0.1,0.0,2.3,1.6,3.0,5.1,6.5,9.4,11.1,10.1,50.8,76.0,24.0,51.5,23.8,2.8,4.5,1.0,13.6,1.3,1.2,0.0,8.6,4.1,77.7,8.3,1.3,62.5,31.1,4.6,1.8,0.0,53.7,59.7,56.5,31.6,12.5,54.0,58.6,56.1,35.5,19.6,43.2,37.7,15.4,1.7,2.0,54.6,32.3,12.3,0.2,0.6,54.5,34.6,6.5,4.4,,16.0,5.3,65.6,0.5,1.2,11.0,0.5,10.4,6.6,60.9,0.1,0.0,32.0,7.3,44.6,54.2,4.6,46.6,43.4,1.4,0.3,0.3,8.0,58.4,9.4,14.7,41.9,43.4,67.2,32.8,55.6,0.2,44.2,62.2,28.3,4.1,8.6,8.8,7.0,1.5,32.3
36.0,FATICK,FOUNDIOUGNE,NIODIOR,130787,134504,265291,164968,168553,333521,1.2887595859999998,1.253144888,18.6,17.6,14.8,9.1,7.2,5.2,4.8,3.9,3.2,2.4,3.2,2.4,2.2,1.6,1.7,1.1,1.1,0.1,0.0,2.3,1.6,3.0,5.1,6.5,9.4,11.1,10.1,50.8,76.0,24.0,51.5,23.8,2.8,4.5,1.0,13.6,1.3,1.2,0.0,8.6,4.1,77.7,8.3,1.3,62.5,31.1,4.6,1.8,0.0,53.7,59.7,56.5,31.6,12.5,54.0,58.6,56.1,35.5,19.6,43.2,37.7,15.4,1.7,2.0,54.6,32.3,12.3,0.2,0.6,54.5,34.6,6.5,4.4,,16.0,5.3,65.6,0.5,1.2,11.0,0.5,10.4,6.6,60.9,0.1,0.0,32.0,7.3,44.6,54.2,4.6,46.6,43.4,1.4,0.3,0.3,8.0,58.4,9.4,14.7,41.9,43.4,67.2,32.8,55.6,0.2,44.2,62.2,28.3,4.1,8.6,8.8,7.0,1.5,32.3
37.0,FATICK,FOUNDIOUGNE,TOUBACOUTA,130787,134504,265291,164968,168553,333521,1.2887595859999998,1.253144888,18.6,17.6,14.8,9.1,7.2,5.2,4.8,3.9,3.2,2.4,3.2,2.4,2.2,1.6,1.7,1.1,1.1,0.1,0.0,2.3,1.6,3.0,5.1,6.5,9.4,11.1,10.1,50.8,76.0,24.0,51.5,23.8,2.8,4.5,1.0,13.6,1.3,1.2,0.0,8.6,4.1,77.7,8.3,1.3,62.5,31.1,4.6,1.8,0.0,53.7,59.7,56.5,31.6,12.5,54.0,58.6,56.1,35.5,19.6,43.2,37.7,15.4,1.7,2.0,54.6,32.3,12.3,0.2,0.6,54.5,34.6,6.5,4.4,,16.0,5.3,65.6,0.5,1.2,11.0,0.5,10.4,6.6,60.9,0.1,0.0,32.0,7.3,44.6,54.2,4.6,46.6,43.4,1.4,0.3,0.3,8.0,58.4,9.4,14.7,41.9,43.4,67.2,32.8,55.6,0.2,44.2,62.2,28.3,4.1,8.6,8.8,7.0,1.5,32.3
38.0,FATICK,FOUNDIOUGNE,DJILOR,130787,134504,265291,164968,168553,333521,1.2887595859999998,1.253144888,18.6,17.6,14.8,9.1,7.2,5.2,4.8,3.9,3.2,2.4,3.2,2.4,2.2,1.6,1.7,1.1,1.1,0.1,0.0,2.3,1.6,3.0,5.1,6.5,9.4,11.1,10.1,50.8,76.0,24.0,51.5,23.8,2.8,4.5,1.0,13.6,1.3,1.2,0.0,8.6,4.1,77.7,8.3,1.3,62.5,31.1,4.6,1.8,0.0,53.7,59.7,56.5,31.6,12.5,54.0,58.6,56.1,35.5,19.6,43.2,37.7,15.4,1.7,2.0,54.6,32.3,12.3,0.2,0.6,54.5,34.6,6.5,4.4,,16.0,5.3,65.6,0.5,1.2,11.0,0.5,10.4,6.6,60.9,0.1,0.0,32.0,7.3,44.6,54.2,4.6,46.6,43.4,1.4,0.3,0.3,8.0,58.4,9.4,14.7,41.9,43.4,67.2,32.8,55.6,0.2,44.2,62.2,28.3,4.1,8.6,8.8,7.0,1.5,32.3
39.0,LOUGA,LOUGA,SAKAL,163200,173781,336981,198616,209995,408611,1.286734069,1.208388719,16.5,16.5,13.3,10.3,8.3,6.3,5.4,4.8,3.4,2.3,4.0,2.0,2.1,1.4,1.6,0.6,1.0,0.2,0.0,1.2,1.5,4.3,5.5,7.6,10.9,7.2,10.1,51.8,78.1,21.9,59.6,24.1,2.3,2.4,0.5,9.3,0.9,0.6,1.1,15.1,9.4,73.1,0.8,0.6,63.5,31.0,4.7,0.8,0.0,38.9,38.2,38.6,12.2,1.6,30.3,40.7,34.6,24.0,8.4,72.4,18.2,7.5,0.6,1.2,75.3,18.8,5.0,0.2,0.8,58.9,20.7,16.5,4.0,,34.8,1.9,55.8,1.1,0.9,5.2,0.3,5.5,9.3,77.1,0.2,0.0,22.9,4.6,49.5,65.3,3.3,82.8,14.5,1.2,0.0,0.0,1.6,77.4,0.0,16.7,50.5,32.8,63.8,36.2,60.7,0.4,38.9,79.5,38.0,8.1,11.8,5.1,4.4,3.1,16.0
40.0,LOUGA,LOUGA,MEUR MOMAR SARR,163200,173781,336981,198616,209995,408611,1.286734069,1.208388719,16.5,16.5,13.3,10.3,8.3,6.3,5.4,4.8,3.4,2.3,4.0,2.0,2.1,1.4,1.6,0.6,1.0,0.2,0.0,1.2,1.5,4.3,5.5,7.6,10.9,7.2,10.1,51.8,78.1,21.9,59.6,24.1,2.3,2.4,0.5,9.3,0.9,0.6,1.1,15.1,9.4,73.1,0.8,0.6,63.5,31.0,4.7,0.8,0.0,38.9,38.2,38.6,12.2,1.6,30.3,40.7,34.6,24.0,8.4,72.4,18.2,7.5,0.6,1.2,75.3,18.8,5.0,0.2,0.8,58.9,20.7,16.5,4.0,,34.8,1.9,55.8,1.1,0.9,5.2,0.3,5.5,9.3,77.1,0.2,0.0,22.9,4.6,49.5,65.3,3.3,82.8,14.5,1.2,0.0,0.0,1.6,77.4,0.0,16.7,50.5,32.8,63.8,36.2,60.7,0.4,38.9,79.5,38.0,8.1,11.8,5.1,4.4,3.1,16.0
41.0,LOUGA,LOUGA,MBEDIENE,163200,173781,336981,198616,209995,408611,1.286734069,1.208388719,16.5,16.5,13.3,10.3,8.3,6.3,5.4,4.8,3.4,2.3,4.0,2.0,2.1,1.4,1.6,0.6,1.0,0.2,0.0,1.2,1.5,4.3,5.5,7.6,10.9,7.2,10.1,51.8,78.1,21.9,59.6,24.1,2.3,2.4,0.5,9.3,0.9,0.6,1.1,15.1,9.4,73.1,0.8,0.6,63.5,31.0,4.7,0.8,0.0,38.9,38.2,38.6,12.2,1.6,30.3,40.7,34.6,24.0,8.4,72.4,18.2,7.5,0.6,1.2,75.3,18.8,5.0,0.2,0.8,58.9,20.7,16.5,4.0,,34.8,1.9,55.8,1.1,0.9,5.2,0.3,5.5,9.3,77.1,0.2,0.0,22.9,4.6,49.5,65.3,3.3,82.8,14.5,1.2,0.0,0.0,1.6,77.4,0.0,16.7,50.5,32.8,63.8,36.2,60.7,0.4,38.9,79.5,38.0,8.1,11.8,5.1,4.4,3.1,16.0
42.0,LOUGA,LOUGA,COKI,163200,173781,336981,198616,209995,408611,1.286734069,1.208388719,16.5,16.5,13.3,10.3,8.3,6.3,5.4,4.8,3.4,2.3,4.0,2.0,2.1,1.4,1.6,0.6,1.0,0.2,0.0,1.2,1.5,4.3,5.5,7.6,10.9,7.2,10.1,51.8,78.1,21.9,59.6,24.1,2.3,2.4,0.5,9.3,0.9,0.6,1.1,15.1,9.4,73.1,0.8,0.6,63.5,31.0,4.7,0.8,0.0,38.9,38.2,38.6,12.2,1.6,30.3,40.7,34.6,24.0,8.4,72.4,18.2,7.5,0.6,1.2,75.3,18.8,5.0,0.2,0.8,58.9,20.7,16.5,4.0,,34.8,1.9,55.8,1.1,0.9,5.2,0.3,5.5,9.3,77.1,0.2,0.0,22.9,4.6,49.5,65.3,3.3,82.8,14.5,1.2,0.0,0.0,1.6,77.4,0.0,16.7,50.5,32.8,63.8,36.2,60.7,0.4,38.9,79.5,38.0,8.1,11.8,5.1,4.4,3.1,16.0
43.0,LOUGA,KEBEMER,NDANDE,121359,126348,247707,147582,152562,300144,1.257113193,1.207474594,16.5,16.5,13.3,10.3,8.3,6.3,5.4,4.8,3.4,2.3,4.0,2.0,2.1,1.4,1.6,0.6,1.0,0.2,0.0,1.2,1.5,4.3,5.5,7.6,10.9,7.2,10.1,51.8,78.1,21.9,59.6,24.1,2.3,2.4,0.5,9.3,0.9,0.6,1.1,15.1,9.4,73.1,0.8,0.6,63.5,31.0,4.7,0.8,0.0,38.9,38.2,38.6,12.2,1.6,30.3,40.7,34.6,24.0,8.4,72.4,18.2,7.5,0.6,1.2,75.3,18.8,5.0,0.2,0.8,58.9,20.7,16.5,4.0,,34.8,1.9,55.8,1.1,0.9,5.2,0.3,5.5,9.3,77.1,0.2,0.0,22.9,4.6,49.5,65.3,3.3,82.8,14.5,1.2,0.0,0.0,1.6,77.4,0.0,16.7,50.5,32.8,63.8,36.2,60.7,0.4,38.9,79.5,38.0,8.1,11.8,5.1,4.4,3.1,16.0
44.0,LOUGA,KEBEMER,SAGATTA GUETH,121359,126348,247707,147582,152562,300144,1.257113193,1.207474594,16.5,16.5,13.3,10.3,8.3,6.3,5.4,4.8,3.4,2.3,4.0,2.0,2.1,1.4,1.6,0.6,1.0,0.2,0.0,1.2,1.5,4.3,5.5,7.6,10.9,7.2,10.1,51.8,78.1,21.9,59.6,24.1,2.3,2.4,0.5,9.3,0.9,0.6,1.1,15.1,9.4,73.1,0.8,0.6,63.5,31.0,4.7,0.8,0.0,38.9,38.2,38.6,12.2,1.6,30.3,40.7,34.6,24.0,8.4,72.4,18.2,7.5,0.6,1.2,75.3,18.8,5.0,0.2,0.8,58.9,20.7,16.5,4.0,,34.8,1.9,55.8,1.1,0.9,5.2,0.3,5.5,9.3,77.1,0.2,0.0,22.9,4.6,49.5,65.3,3.3,82.8,14.5,1.2,0.0,0.0,1.6,77.4,0.0,16.7,50.5,32.8,63.8,36.2,60.7,0.4,38.9,79.5,38.0,8.1,11.8,5.1,4.4,3.1,16.0
45.0,LOUGA,KEBEMER,DAROU MOUSTY,121359,126348,247707,147582,152562,300144,1.257113193,1.207474594,16.5,16.5,13.3,10.3,8.3,6.3,5.4,4.8,3.4,2.3,4.0,2.0,2.1,1.4,1.6,0.6,1.0,0.2,0.0,1.2,1.5,4.3,5.5,7.6,10.9,7.2,10.1,51.8,78.1,21.9,59.6,24.1,2.3,2.4,0.5,9.3,0.9,0.6,1.1,15.1,9.4,73.1,0.8,0.6,63.5,31.0,4.7,0.8,0.0,38.9,38.2,38.6,12.2,1.6,30.3,40.7,34.6,24.0,8.4,72.4,18.2,7.5,0.6,1.2,75.3,18.8,5.0,0.2,0.8,58.9,20.7,16.5,4.0,,34.8,1.9,55.8,1.1,0.9,5.2,0.3,5.5,9.3,77.1,0.2,0.0,22.9,4.6,49.5,65.3,3.3,82.8,14.5,1.2,0.0,0.0,1.6,77.4,0.0,16.7,50.5,32.8,63.8,36.2,60.7,0.4,38.9,79.5,38.0,8.1,11.8,5.1,4.4,3.1,16.0
46.0,LOUGA,LINGUERE,SAGATTA DJOLOF,111587,112990,224577,135803,136536,272339,1.223583392,1.208390123,16.5,16.5,13.3,10.3,8.3,6.3,5.4,4.8,3.4,2.3,4.0,2.0,2.1,1.4,1.6,0.6,1.0,0.2,0.0,1.2,1.5,4.3,5.5,7.6,10.9,7.2,10.1,51.8,78.1,21.9,59.6,24.1,2.3,2.4,0.5,9.3,0.9,0.6,1.1,15.1,9.4,73.1,0.8,0.6,63.5,31.0,4.7,0.8,0.0,38.9,38.2,38.6,12.2,1.6,30.3,40.7,34.6,24.0,8.4,72.4,18.2,7.5,0.6,1.2,75.3,18.8,5.0,0.2,0.8,58.9,20.7,16.5,4.0,,34.8,1.9,55.8,1.1,0.9,5.2,0.3,5.5,9.3,77.1,0.2,0.0,22.9,4.6,49.5,65.3,3.3,82.8,14.5,1.2,0.0,0.0,1.6,77.4,0.0,16.7,50.5,32.8,63.8,36.2,60.7,0.4,38.9,79.5,38.0,8.1,11.8,5.1,4.4,3.1,16.0
47.0,LOUGA,LINGUERE,YANG YANG,111587,112990,224577,135803,136536,272339,1.223583392,1.208390123,16.5,16.5,13.3,10.3,8.3,6.3,5.4,4.8,3.4,2.3,4.0,2.0,2.1,1.4,1.6,0.6,1.0,0.2,0.0,1.2,1.5,4.3,5.5,7.6,10.9,7.2,10.1,51.8,78.1,21.9,59.6,24.1,2.3,2.4,0.5,9.3,0.9,0.6,1.1,15.1,9.4,73.1,0.8,0.6,63.5,31.0,4.7,0.8,0.0,38.9,38.2,38.6,12.2,1.6,30.3,40.7,34.6,24.0,8.4,72.4,18.2,7.5,0.6,1.2,75.3,18.8,5.0,0.2,0.8,58.9,20.7,16.5,4.0,,34.8,1.9,55.8,1.1,0.9,5.2,0.3,5.5,9.3,77.1,0.2,0.0,22.9,4.6,49.5,65.3,3.3,82.8,14.5,1.2,0.0,0.0,1.6,77.4,0.0,16.7,50.5,32.8,63.8,36.2,60.7,0.4,38.9,79.5,38.0,8.1,11.8,5.1,4.4,3.1,16.0
48.0,LOUGA,LINGUERE,DODJI,111587,112990,224577,135803,136536,272339,1.223583392,1.208390123,16.5,16.5,13.3,10.3,8.3,6.3,5.4,4.8,3.4,2.3,4.0,2.0,2.1,1.4,1.6,0.6,1.0,0.2,0.0,1.2,1.5,4.3,5.5,7.6,10.9,7.2,10.1,51.8,78.1,21.9,59.6,24.1,2.3,2.4,0.5,9.3,0.9,0.6,1.1,15.1,9.4,73.1,0.8,0.6,63.5,31.0,4.7,0.8,0.0,38.9,38.2,38.6,12.2,1.6,30.3,40.7,34.6,24.0,8.4,72.4,18.2,7.5,0.6,1.2,75.3,18.8,5.0,0.2,0.8,58.9,20.7,16.5,4.0,,34.8,1.9,55.8,1.1,0.9,5.2,0.3,5.5,9.3,77.1,0.2,0.0,22.9,4.6,49.5,65.3,3.3,82.8,14.5,1.2,0.0,0.0,1.6,77.4,0.0,16.7,50.5,32.8,63.8,36.2,60.7,0.4,38.9,79.5,38.0,8.1,11.8,5.1,4.4,3.1,16.0
49.0,LOUGA,LINGUERE,BARKEDJI,111587,112990,224577,135803,136536,272339,1.223583392,1.208390123,16.5,16.5,13.3,10.3,8.3,6.3,5.4,4.8,3.4,2.3,4.0,2.0,2.1,1.4,1.6,0.6,1.0,0.2,0.0,1.2,1.5,4.3,5.5,7.6,10.9,7.2,10.1,51.8,78.1,21.9,59.6,24.1,2.3,2.4,0.5,9.3,0.9,0.6,1.1,15.1,9.4,73.1,0.8,0.6,63.5,31.0,4.7,0.8,0.0,38.9,38.2,38.6,12.2,1.6,30.3,40.7,34.6,24.0,8.4,72.4,18.2,7.5,0.6,1.2,75.3,18.8,5.0,0.2,0.8,58.9,20.7,16.5,4.0,,34.8,1.9,55.8,1.1,0.9,5.2,0.3,5.5,9.3,77.1,0.2,0.0,22.9,4.6,49.5,65.3,3.3,82.8,14.5,1.2,0.0,0.0,1.6,77.4,0.0,16.7,50.5,32.8,63.8,36.2,60.7,0.4,38.9,79.5,38.0,8.1,11.8,5.1,4.4,3.1,16.0
50.0,KAOLACK,GUINGUINEO,MBADAKHOUNE,48582,49717,98299,59160,60025,119185,1.2355399120000001,1.207333508,19.1,16.7,13.9,10.3,7.6,5.7,5.1,4.3,3.5,2.6,3.2,2.1,1.7,1.1,1.4,0.7,0.7,0.3,0.0,2.0,1.3,2.5,2.3,7.3,7.4,8.5,10.1,58.6,79.1,20.9,59.5,20.8,3.0,2.0,0.4,12.3,0.6,1.2,0.9,17.1,7.0,71.8,2.4,0.9,62.4,32.3,4.2,1.0,0.0,38.4,37.6,38.0,12.9,3.7,40.3,47.6,43.4,29.2,13.3,53.7,28.4,14.7,1.3,1.9,61.1,28.7,9.6,0.2,0.4,61.2,30.4,5.6,2.9,,14.7,4.5,72.3,0.1,1.8,6.5,0.0,9.7,6.8,68.2,0.0,0.0,20.6,7.8,48.4,69.1,6.2,76.3,22.6,0.0,0.0,0.3,0.8,76.6,4.2,13.5,51.6,34.8,60.5,39.5,32.8,0.2,67.0,79.8,36.8,6.5,12.4,9.5,10.7,2.5,13.9
51.0,KAOLACK,GUINGUINEO,NGUELOU,48582,49717,98299,59160,60025,119185,1.2355399120000001,1.207333508,19.1,16.7,13.9,10.3,7.6,5.7,5.1,4.3,3.5,2.6,3.2,2.1,1.7,1.1,1.4,0.7,0.7,0.3,0.0,2.0,1.3,2.5,2.3,7.3,7.4,8.5,10.1,58.6,79.1,20.9,59.5,20.8,3.0,2.0,0.4,12.3,0.6,1.2,0.9,17.1,7.0,71.8,2.4,0.9,62.4,32.3,4.2,1.0,0.0,38.4,37.6,38.0,12.9,3.7,40.3,47.6,43.4,29.2,13.3,53.7,28.4,14.7,1.3,1.9,61.1,28.7,9.6,0.2,0.4,61.2,30.4,5.6,2.9,,14.7,4.5,72.3,0.1,1.8,6.5,0.0,9.7,6.8,68.2,0.0,0.0,20.6,7.8,48.4,69.1,6.2,76.3,22.6,0.0,0.0,0.3,0.8,76.6,4.2,13.5,51.6,34.8,60.5,39.5,32.8,0.2,67.0,79.8,36.8,6.5,12.4,9.5,10.7,2.5,13.9
52.0,KAOLACK,KAOLACK,NGOTHIE,182533,194874,377407,222279,235281,457560,1.288977883,1.2073493640000001,19.1,16.7,13.9,10.3,7.6,5.7,5.1,4.3,3.5,2.6,3.2,2.1,1.7,1.1,1.4,0.7,0.7,0.3,0.0,2.0,1.3,2.5,2.3,7.3,7.4,8.5,10.1,58.6,79.1,20.9,59.5,20.8,3.0,2.0,0.4,12.3,0.6,1.2,0.9,17.1,7.0,71.8,2.4,0.9,62.4,32.3,4.2,1.0,0.0,38.4,37.6,38.0,12.9,3.7,40.3,47.6,43.4,29.2,13.3,53.7,28.4,14.7,1.3,1.9,61.1,28.7,9.6,0.2,0.4,61.2,30.4,5.6,2.9,,14.7,4.5,72.3,0.1,1.8,6.5,0.0,9.7,6.8,68.2,0.0,0.0,20.6,7.8,48.4,69.1,6.2,76.3,22.6,0.0,0.0,0.3,0.8,76.6,4.2,13.5,51.6,34.8,60.5,39.5,32.8,0.2,67.0,79.8,36.8,6.5,12.4,9.5,10.7,2.5,13.9
53.0,KAOLACK,KAOLACK,KOUMBAL,182533,194874,377407,222279,235281,457560,1.288977883,1.2073493640000001,19.1,16.7,13.9,10.3,7.6,5.7,5.1,4.3,3.5,2.6,3.2,2.1,1.7,1.1,1.4,0.7,0.7,0.3,0.0,2.0,1.3,2.5,2.3,7.3,7.4,8.5,10.1,58.6,79.1,20.9,59.5,20.8,3.0,2.0,0.4,12.3,0.6,1.2,0.9,17.1,7.0,71.8,2.4,0.9,62.4,32.3,4.2,1.0,0.0,38.4,37.6,38.0,12.9,3.7,40.3,47.6,43.4,29.2,13.3,53.7,28.4,14.7,1.3,1.9,61.1,28.7,9.6,0.2,0.4,61.2,30.4,5.6,2.9,,14.7,4.5,72.3,0.1,1.8,6.5,0.0,9.7,6.8,68.2,0.0,0.0,20.6,7.8,48.4,69.1,6.2,76.3,22.6,0.0,0.0,0.3,0.8,76.6,4.2,13.5,51.6,34.8,60.5,39.5,32.8,0.2,67.0,79.8,36.8,6.5,12.4,9.5,10.7,2.5,13.9
54.0,KAOLACK,KAOLACK,NDIEDIENG,182533,194874,377407,222279,235281,457560,1.288977883,1.2073493640000001,19.1,16.7,13.9,10.3,7.6,5.7,5.1,4.3,3.5,2.6,3.2,2.1,1.7,1.1,1.4,0.7,0.7,0.3,0.0,2.0,1.3,2.5,2.3,7.3,7.4,8.5,10.1,58.6,79.1,20.9,59.5,20.8,3.0,2.0,0.4,12.3,0.6,1.2,0.9,17.1,7.0,71.8,2.4,0.9,62.4,32.3,4.2,1.0,0.0,38.4,37.6,38.0,12.9,3.7,40.3,47.6,43.4,29.2,13.3,53.7,28.4,14.7,1.3,1.9,61.1,28.7,9.6,0.2,0.4,61.2,30.4,5.6,2.9,,14.7,4.5,72.3,0.1,1.8,6.5,0.0,9.7,6.8,68.2,0.0,0.0,20.6,7.8,48.4,69.1,6.2,76.3,22.6,0.0,0.0,0.3,0.8,76.6,4.2,13.5,51.6,34.8,60.5,39.5,32.8,0.2,67.0,79.8,36.8,6.5,12.4,9.5,10.7,2.5,13.9
55.0,KAOLACK,NIORO,PAOS KOTO,134384,140764,275148,163645,169950,333595,1.264659483,1.207339945,19.1,16.7,13.9,10.3,7.6,5.7,5.1,4.3,3.5,2.6,3.2,2.1,1.7,1.1,1.4,0.7,0.7,0.3,0.0,2.0,1.3,2.5,2.3,7.3,7.4,8.5,10.1,58.6,79.1,20.9,59.5,20.8,3.0,2.0,0.4,12.3,0.6,1.2,0.9,17.1,7.0,71.8,2.4,0.9,62.4,32.3,4.2,1.0,0.0,38.4,37.6,38.0,12.9,3.7,40.3,47.6,43.4,29.2,13.3,53.7,28.4,14.7,1.3,1.9,61.1,28.7,9.6,0.2,0.4,61.2,30.4,5.6,2.9,,14.7,4.5,72.3,0.1,1.8,6.5,0.0,9.7,6.8,68.2,0.0,0.0,20.6,7.8,48.4,69.1,6.2,76.3,22.6,0.0,0.0,0.3,0.8,76.6,4.2,13.5,51.6,34.8,60.5,39.5,32.8,0.2,67.0,79.8,36.8,6.5,12.4,9.5,10.7,2.5,13.9
56.0,KAOLACK,NIORO,WACK NGOUNA,134384,140764,275148,163645,169950,333595,1.264659483,1.207339945,19.1,16.7,13.9,10.3,7.6,5.7,5.1,4.3,3.5,2.6,3.2,2.1,1.7,1.1,1.4,0.7,0.7,0.3,0.0,2.0,1.3,2.5,2.3,7.3,7.4,8.5,10.1,58.6,79.1,20.9,59.5,20.8,3.0,2.0,0.4,12.3,0.6,1.2,0.9,17.1,7.0,71.8,2.4,0.9,62.4,32.3,4.2,1.0,0.0,38.4,37.6,38.0,12.9,3.7,40.3,47.6,43.4,29.2,13.3,53.7,28.4,14.7,1.3,1.9,61.1,28.7,9.6,0.2,0.4,61.2,30.4,5.6,2.9,,14.7,4.5,72.3,0.1,1.8,6.5,0.0,9.7,6.8,68.2,0.0,0.0,20.6,7.8,48.4,69.1,6.2,76.3,22.6,0.0,0.0,0.3,0.8,76.6,4.2,13.5,51.6,34.8,60.5,39.5,32.8,0.2,67.0,79.8,36.8,6.5,12.4,9.5,10.7,2.5,13.9
57.0,KAOLACK,NIORO,MEDINA SABAKH,134384,140764,275148,163645,169950,333595,1.264659483,1.207339945,19.1,16.7,13.9,10.3,7.6,5.7,5.1,4.3,3.5,2.6,3.2,2.1,1.7,1.1,1.4,0.7,0.7,0.3,0.0,2.0,1.3,2.5,2.3,7.3,7.4,8.5,10.1,58.6,79.1,20.9,59.5,20.8,3.0,2.0,0.4,12.3,0.6,1.2,0.9,17.1,7.0,71.8,2.4,0.9,62.4,32.3,4.2,1.0,0.0,38.4,37.6,38.0,12.9,3.7,40.3,47.6,43.4,29.2,13.3,53.7,28.4,14.7,1.3,1.9,61.1,28.7,9.6,0.2,0.4,61.2,30.4,5.6,2.9,,14.7,4.5,72.3,0.1,1.8,6.5,0.0,9.7,6.8,68.2,0.0,0.0,20.6,7.8,48.4,69.1,6.2,76.3,22.6,0.0,0.0,0.3,0.8,76.6,4.2,13.5,51.6,34.8,60.5,39.5,32.8,0.2,67.0,79.8,36.8,6.5,12.4,9.5,10.7,2.5,13.9
58.0,KAFFRINE,KAFFRINE,GNIBY,91737,95491,187228,111714,115290,227004,1.256744825,1.207338912,19.5,18.8,12.5,9.1,7.5,6.0,4.3,4.6,3.0,2.6,3.5,2.3,2.3,1.3,1.4,0.5,1.0,0.1,0.0,1.6,3.0,3.6,7.1,7.6,11.3,8.3,9.6,47.8,84.3,15.7,66.3,14.5,2.1,5.2,0.6,9.9,0.5,0.6,0.3,5.2,19.0,74.6,0.3,0.5,60.7,32.8,4.8,1.6,0.0,38.4,37.6,38.0,12.9,3.7,40.3,47.6,43.4,29.2,13.3,76.0,17.0,6.4,0.4,0.3,78.6,17.0,4.1,0.0,0.3,71.2,16.7,7.8,4.3,,32.4,3.8,53.9,1.2,0.3,4.7,3.8,2.5,6.8,83.4,0.1,0.0,38.0,6.4,27.5,57.3,4.9,76.1,23.4,0.0,0.0,0.0,0.5,73.5,4.5,18.1,33.9,48.1,79.9,20.1,64.6,0.2,35.2,63.4,16.3,2.3,5.4,7.0,6.8,1.5,31.6
59.0,KAFFRINE,MALEM HODDAR,DAROU MINAME II,45687,41291,86978,55635,49852,105487,1.091163788,1.207333317,19.5,18.8,12.5,9.1,7.5,6.0,4.3,4.6,3.0,2.6,3.5,2.3,2.3,1.3,1.4,0.5,1.0,0.1,0.0,1.6,3.0,3.6,7.1,7.6,11.3,8.3,9.6,47.8,84.3,15.7,66.3,14.5,2.1,5.2,0.6,9.9,0.5,0.6,0.3,5.2,19.0,74.6,0.3,0.5,60.7,32.8,4.8,1.6,0.0,38.4,37.6,38.0,12.9,3.7,40.3,47.6,43.4,29.2,13.3,76.0,17.0,6.4,0.4,0.3,78.6,17.0,4.1,0.0,0.3,71.2,16.7,7.8,4.3,,32.4,3.8,53.9,1.2,0.3,4.7,3.8,2.5,6.8,83.4,0.1,0.0,38.0,6.4,27.5,57.3,4.9,76.1,23.4,0.0,0.0,0.0,0.5,73.5,4.5,18.1,33.9,48.1,79.9,20.1,64.6,0.2,35.2,63.4,16.3,2.3,5.4,7.0,6.8,1.5,31.6
60.0,KAFFRINE,KAFFRINE,KATAKEL,91737,95491,187228,111714,115290,227004,1.256744825,1.207338912,19.5,18.8,12.5,9.1,7.5,6.0,4.3,4.6,3.0,2.6,3.5,2.3,2.3,1.3,1.4,0.5,1.0,0.1,0.0,1.6,3.0,3.6,7.1,7.6,11.3,8.3,9.6,47.8,84.3,15.7,66.3,14.5,2.1,5.2,0.6,9.9,0.5,0.6,0.3,5.2,19.0,74.6,0.3,0.5,60.7,32.8,4.8,1.6,0.0,38.4,37.6,38.0,12.9,3.7,40.3,47.6,43.4,29.2,13.3,76.0,17.0,6.4,0.4,0.3,78.6,17.0,4.1,0.0,0.3,71.2,16.7,7.8,4.3,,32.4,3.8,53.9,1.2,0.3,4.7,3.8,2.5,6.8,83.4,0.1,0.0,38.0,6.4,27.5,57.3,4.9,76.1,23.4,0.0,0.0,0.0,0.5,73.5,4.5,18.1,33.9,48.1,79.9,20.1,64.6,0.2,35.2,63.4,16.3,2.3,5.4,7.0,6.8,1.5,31.6
61.0,KAFFRINE,BIRKELANE,KEUR MBOUCKI,45687,41291,86978,55635,49852,105487,1.091163788,1.207333317,19.5,18.8,12.5,9.1,7.5,6.0,4.3,4.6,3.0,2.6,3.5,2.3,2.3,1.3,1.4,0.5,1.0,0.1,0.0,1.6,3.0,3.6,7.1,7.6,11.3,8.3,9.6,47.8,84.3,15.7,66.3,14.5,2.1,5.2,0.6,9.9,0.5,0.6,0.3,5.2,19.0,74.6,0.3,0.5,60.7,32.8,4.8,1.6,0.0,38.4,37.6,38.0,12.9,3.7,40.3,47.6,43.4,29.2,13.3,76.0,17.0,6.4,0.4,0.3,78.6,17.0,4.1,0.0,0.3,71.2,16.7,7.8,4.3,,32.4,3.8,53.9,1.2,0.3,4.7,3.8,2.5,6.8,83.4,0.1,0.0,38.0,6.4,27.5,57.3,4.9,76.1,23.4,0.0,0.0,0.0,0.5,73.5,4.5,18.1,33.9,48.1,79.9,20.1,64.6,0.2,35.2,63.4,16.3,2.3,5.4,7.0,6.8,1.5,31.6
62.0,KAFFRINE,MALEM HODDAR,SAGNA,48284,52232,100516,57251,63062,120313,1.306064121,1.207344157,19.5,18.8,12.5,9.1,7.5,6.0,4.3,4.6,3.0,2.6,3.5,2.3,2.3,1.3,1.4,0.5,1.0,0.1,0.0,1.6,3.0,3.6,7.1,7.6,11.3,8.3,9.6,47.8,84.3,15.7,66.3,14.5,2.1,5.2,0.6,9.9,0.5,0.6,0.3,5.2,19.0,74.6,0.3,0.5,60.7,32.8,4.8,1.6,0.0,38.4,37.6,38.0,12.9,3.7,40.3,47.6,43.4,29.2,13.3,76.0,17.0,6.4,0.4,0.3,78.6,17.0,4.1,0.0,0.3,71.2,16.7,7.8,4.3,,32.4,3.8,53.9,1.2,0.3,4.7,3.8,2.5,6.8,83.4,0.1,0.0,38.0,6.4,27.5,57.3,4.9,76.1,23.4,0.0,0.0,0.0,0.5,73.5,4.5,18.1,33.9,48.1,79.9,20.1,64.6,0.2,35.2,63.4,16.3,2.3,5.4,7.0,6.8,1.5,31.6
63.0,KAFFRINE,KOUNGHEUL,IDA MOURIDE,45687,41291,86978,55635,49852,105487,1.091163788,1.207333317,19.5,18.8,12.5,9.1,7.5,6.0,4.3,4.6,3.0,2.6,3.5,2.3,2.3,1.3,1.4,0.5,1.0,0.1,0.0,1.6,3.0,3.6,7.1,7.6,11.3,8.3,9.6,47.8,84.3,15.7,66.3,14.5,2.1,5.2,0.6,9.9,0.5,0.6,0.3,5.2,19.0,74.6,0.3,0.5,60.7,32.8,4.8,1.6,0.0,38.4,37.6,38.0,12.9,3.7,40.3,47.6,43.4,29.2,13.3,76.0,17.0,6.4,0.4,0.3,78.6,17.0,4.1,0.0,0.3,71.2,16.7,7.8,4.3,,32.4,3.8,53.9,1.2,0.3,4.7,3.8,2.5,6.8,83.4,0.1,0.0,38.0,6.4,27.5,57.3,4.9,76.1,23.4,0.0,0.0,0.0,0.5,73.5,4.5,18.1,33.9,48.1,79.9,20.1,64.6,0.2,35.2,63.4,16.3,2.3,5.4,7.0,6.8,1.5,31.6
64.0,KAFFRINE,KOUNGHEUL,MISSIRAH WADENE,74119,77603,151722,90257,93694,183951,1.264102322,1.207350231,19.5,18.8,12.5,9.1,7.5,6.0,4.3,4.6,3.0,2.6,3.5,2.3,2.3,1.3,1.4,0.5,1.0,0.1,0.0,1.6,3.0,3.6,7.1,7.6,11.3,8.3,9.6,47.8,84.3,15.7,66.3,14.5,2.1,5.2,0.6,9.9,0.5,0.6,0.3,5.2,19.0,74.6,0.3,0.5,60.7,32.8,4.8,1.6,0.0,38.4,37.6,38.0,12.9,3.7,40.3,47.6,43.4,29.2,13.3,76.0,17.0,6.4,0.4,0.3,78.6,17.0,4.1,0.0,0.3,71.2,16.7,7.8,4.3,,32.4,3.8,53.9,1.2,0.3,4.7,3.8,2.5,6.8,83.4,0.1,0.0,38.0,6.4,27.5,57.3,4.9,76.1,23.4,0.0,0.0,0.0,0.5,73.5,4.5,18.1,33.9,48.1,79.9,20.1,64.6,0.2,35.2,63.4,16.3,2.3,5.4,7.0,6.8,1.5,31.6
65.0,KAFFRINE,KOUNGHEUL,LOUR ESCALE,74119,77603,151722,90257,93694,183951,1.264102322,1.207350231,19.5,18.8,12.5,9.1,7.5,6.0,4.3,4.6,3.0,2.6,3.5,2.3,2.3,1.3,1.4,0.5,1.0,0.1,0.0,1.6,3.0,3.6,7.1,7.6,11.3,8.3,9.6,47.8,84.3,15.7,66.3,14.5,2.1,5.2,0.6,9.9,0.5,0.6,0.3,5.2,19.0,74.6,0.3,0.5,60.7,32.8,4.8,1.6,0.0,38.4,37.6,38.0,12.9,3.7,40.3,47.6,43.4,29.2,13.3,76.0,17.0,6.4,0.4,0.3,78.6,17.0,4.1,0.0,0.3,71.2,16.7,7.8,4.3,,32.4,3.8,53.9,1.2,0.3,4.7,3.8,2.5,6.8,83.4,0.1,0.0,38.0,6.4,27.5,57.3,4.9,76.1,23.4,0.0,0.0,0.0,0.5,73.5,4.5,18.1,33.9,48.1,79.9,20.1,64.6,0.2,35.2,63.4,16.3,2.3,5.4,7.0,6.8,1.5,31.6
66.0,KAFFRINE,BIRKELANE,MABO,74119,77603,151722,90257,93694,183951,1.264102322,1.207350231,19.5,18.8,12.5,9.1,7.5,6.0,4.3,4.6,3.0,2.6,3.5,2.3,2.3,1.3,1.4,0.5,1.0,0.1,0.0,1.6,3.0,3.6,7.1,7.6,11.3,8.3,9.6,47.8,84.3,15.7,66.3,14.5,2.1,5.2,0.6,9.9,0.5,0.6,0.3,5.2,19.0,74.6,0.3,0.5,60.7,32.8,4.8,1.6,0.0,38.4,37.6,38.0,12.9,3.7,40.3,47.6,43.4,29.2,13.3,76.0,17.0,6.4,0.4,0.3,78.6,17.0,4.1,0.0,0.3,71.2,16.7,7.8,4.3,,32.4,3.8,53.9,1.2,0.3,4.7,3.8,2.5,6.8,83.4,0.1,0.0,38.0,6.4,27.5,57.3,4.9,76.1,23.4,0.0,0.0,0.0,0.5,73.5,4.5,18.1,33.9,48.1,79.9,20.1,64.6,0.2,35.2,63.4,16.3,2.3,5.4,7.0,6.8,1.5,31.6
67.0,SAINT-LOUIS,DAGANA,MBANE,48284,52232,100516,57251,63062,120313,1.306064121,1.207344157,17.3,15.0,13.7,9.9,8.2,6.4,5.4,5.0,3.8,3.2,3.2,2.2,1.8,0.9,1.4,1.0,1.1,0.5,0.0,1.3,2.3,5.3,6.8,9.4,10.8,10.7,8.2,45.3,75.3,24.7,55.9,24.7,1.8,3.1,0.8,11.1,1.2,0.9,1.4,18.3,12.1,67.3,0.4,0.5,56.1,32.1,9.5,2.3,0.0,52.5,54.0,53.1,19.8,4.8,47.3,52.9,50.0,23.6,6.2,47.4,33.8,16.0,1.6,1.3,51.6,34.7,12.4,0.6,0.7,56.0,24.5,13.9,5.7,,29.6,6.0,52.6,2.2,2.0,6.5,1.1,9.2,8.0,63.4,0.4,0.1,28.5,9.1,57.6,50.0,6.6,68.5,19.7,9.1,0.2,0.0,2.5,81.3,0.0,23.8,55.9,19.8,45.4,54.6,37.9,1.3,60.8,66.7,50.7,9.0,14.9,12.4,5.6,3.9,18.5
68.0,SAINT-LOUIS,PODOR,SALDE,113358,110890,224248,138734,134638,273372,1.1877238479999999,1.214158175,17.3,15.0,13.7,9.9,8.2,6.4,5.4,5.0,3.8,3.2,3.2,2.2,1.8,0.9,1.4,1.0,1.1,0.5,0.0,1.3,2.3,5.3,6.8,9.4,10.8,10.7,8.2,45.3,75.3,24.7,55.9,24.7,1.8,3.1,0.8,11.1,1.2,0.9,1.4,18.3,12.1,67.3,0.4,0.5,56.1,32.1,9.5,2.3,0.0,52.5,54.0,53.1,19.8,4.8,47.3,52.9,50.0,23.6,6.2,47.4,33.8,16.0,1.6,1.3,51.6,34.7,12.4,0.6,0.7,56.0,24.5,13.9,5.7,,29.6,6.0,52.6,2.2,2.0,6.5,1.1,9.2,8.0,63.4,0.4,0.1,28.5,9.1,57.6,50.0,6.6,68.5,19.7,9.1,0.2,0.0,2.5,81.3,0.0,23.8,55.9,19.8,45.4,54.6,37.9,1.3,60.8,66.7,50.7,9.0,14.9,12.4,5.6,3.9,18.5
69.0,SAINT-LOUIS,DAGANA,NDIAYE MBERESS,173097,189748,362845,211846,230389,442235,1.3309820509999999,1.214184076,17.3,15.0,13.7,9.9,8.2,6.4,5.4,5.0,3.8,3.2,3.2,2.2,1.8,0.9,1.4,1.0,1.1,0.5,0.0,1.3,2.3,5.3,6.8,9.4,10.8,10.7,8.2,45.3,75.3,24.7,55.9,24.7,1.8,3.1,0.8,11.1,1.2,0.9,1.4,18.3,12.1,67.3,0.4,0.5,56.1,32.1,9.5,2.3,0.0,52.5,54.0,53.1,19.8,4.8,47.3,52.9,50.0,23.6,6.2,47.4,33.8,16.0,1.6,1.3,51.6,34.7,12.4,0.6,0.7,56.0,24.5,13.9,5.7,,29.6,6.0,52.6,2.2,2.0,6.5,1.1,9.2,8.0,63.4,0.4,0.1,28.5,9.1,57.6,50.0,6.6,68.5,19.7,9.1,0.2,0.0,2.5,81.3,0.0,23.8,55.9,19.8,45.4,54.6,37.9,1.3,60.8,66.7,50.7,9.0,14.9,12.4,5.6,3.9,18.5
70.0,SAINT-LOUIS,PODOR,GAMADJI SARRE,113358,110890,224248,138734,134638,273372,1.1877238479999999,1.214158175,17.3,15.0,13.7,9.9,8.2,6.4,5.4,5.0,3.8,3.2,3.2,2.2,1.8,0.9,1.4,1.0,1.1,0.5,0.0,1.3,2.3,5.3,6.8,9.4,10.8,10.7,8.2,45.3,75.3,24.7,55.9,24.7,1.8,3.1,0.8,11.1,1.2,0.9,1.4,18.3,12.1,67.3,0.4,0.5,56.1,32.1,9.5,2.3,0.0,52.5,54.0,53.1,19.8,4.8,47.3,52.9,50.0,23.6,6.2,47.4,33.8,16.0,1.6,1.3,51.6,34.7,12.4,0.6,0.7,56.0,24.5,13.9,5.7,,29.6,6.0,52.6,2.2,2.0,6.5,1.1,9.2,8.0,63.4,0.4,0.1,28.5,9.1,57.6,50.0,6.6,68.5,19.7,9.1,0.2,0.0,2.5,81.3,0.0,23.8,55.9,19.8,45.4,54.6,37.9,1.3,60.8,66.7,50.7,9.0,14.9,12.4,5.6,3.9,18.5
71.0,SAINT-LOUIS,PODOR,CAS CAS,173097,189748,362845,211846,230389,442235,1.3309820509999999,1.214184076,17.3,15.0,13.7,9.9,8.2,6.4,5.4,5.0,3.8,3.2,3.2,2.2,1.8,0.9,1.4,1.0,1.1,0.5,0.0,1.3,2.3,5.3,6.8,9.4,10.8,10.7,8.2,45.3,75.3,24.7,55.9,24.7,1.8,3.1,0.8,11.1,1.2,0.9,1.4,18.3,12.1,67.3,0.4,0.5,56.1,32.1,9.5,2.3,0.0,52.5,54.0,53.1,19.8,4.8,47.3,52.9,50.0,23.6,6.2,47.4,33.8,16.0,1.6,1.3,51.6,34.7,12.4,0.6,0.7,56.0,24.5,13.9,5.7,,29.6,6.0,52.6,2.2,2.0,6.5,1.1,9.2,8.0,63.4,0.4,0.1,28.5,9.1,57.6,50.0,6.6,68.5,19.7,9.1,0.2,0.0,2.5,81.3,0.0,23.8,55.9,19.8,45.4,54.6,37.9,1.3,60.8,66.7,50.7,9.0,14.9,12.4,5.6,3.9,18.5
72.0,SAINT-LOUIS,SAINT-LOUIS,RAO,173097,189748,362845,211846,230389,442235,1.3309820509999999,1.214184076,17.3,15.0,13.7,9.9,8.2,6.4,5.4,5.0,3.8,3.2,3.2,2.2,1.8,0.9,1.4,1.0,1.1,0.5,0.0,1.3,2.3,5.3,6.8,9.4,10.8,10.7,8.2,45.3,75.3,24.7,55.9,24.7,1.8,3.1,0.8,11.1,1.2,0.9,1.4,18.3,12.1,67.3,0.4,0.5,56.1,32.1,9.5,2.3,0.0,52.5,54.0,53.1,19.8,4.8,47.3,52.9,50.0,23.6,6.2,47.4,33.8,16.0,1.6,1.3,51.6,34.7,12.4,0.6,0.7,56.0,24.5,13.9,5.7,,29.6,6.0,52.6,2.2,2.0,6.5,1.1,9.2,8.0,63.4,0.4,0.1,28.5,9.1,57.6,50.0,6.6,68.5,19.7,9.1,0.2,0.0,2.5,81.3,0.0,23.8,55.9,19.8,45.4,54.6,37.9,1.3,60.8,66.7,50.7,9.0,14.9,12.4,5.6,3.9,18.5
73.0,SAINT-LOUIS,PODOR,THILE BOUBACAR,125084,128663,253747,128663,156219,284882,1.2489127309999999,1.214171906,17.3,15.0,13.7,9.9,8.2,6.4,5.4,5.0,3.8,3.2,3.2,2.2,1.8,0.9,1.4,1.0,1.1,0.5,0.0,1.3,2.3,5.3,6.8,9.4,10.8,10.7,8.2,45.3,75.3,24.7,55.9,24.7,1.8,3.1,0.8,11.1,1.2,0.9,1.4,18.3,12.1,67.3,0.4,0.5,56.1,32.1,9.5,2.3,0.0,52.5,54.0,53.1,19.8,4.8,47.3,52.9,50.0,23.6,6.2,47.4,33.8,16.0,1.6,1.3,51.6,34.7,12.4,0.6,0.7,56.0,24.5,13.9,5.7,,29.6,6.0,52.6,2.2,2.0,6.5,1.1,9.2,8.0,63.4,0.4,0.1,28.5,9.1,57.6,50.0,6.6,68.5,19.7,9.1,0.2,0.0,2.5,81.3,0.0,23.8,55.9,19.8,45.4,54.6,37.9,1.3,60.8,66.7,50.7,9.0,14.9,12.4,5.6,3.9,18.5
74.0,KOLDA,MEDINA YORO FOULAH,FAFACOUROU,173097,189748,362845,211846,230389,442235,1.3309820509999999,1.214184076,20.0,17.0,13.6,9.9,7.7,6.0,4.9,4.3,3.3,2.4,3.2,1.9,1.7,1.4,1.2,0.7,0.7,0.0,0.0,2.2,2.0,2.6,6.6,8.5,7.9,7.3,11.0,51.9,91.2,8.8,67.0,12.9,3.5,4.2,2.3,7.1,0.8,1.9,1.4,1.7,11.6,84.9,0.0,0.3,58.2,36.7,4.0,1.0,0.0,54.0,52.1,53.2,13.5,1.7,63.0,73.1,67.6,40.1,17.8,46.0,37.0,14.5,1.3,1.2,59.5,32.8,7.4,0.2,0.2,37.3,27.3,33.7,1.7,,67.3,2.1,28.3,0.6,0.0,1.2,0.5,6.9,6.7,73.6,0.1,0.0,34.4,3.7,29.1,58.0,2.6,8.6,90.6,0.7,0.0,0.1,0.0,72.8,0.2,4.3,82.0,13.7,78.8,21.2,62.8,0.1,37.1,72.0,22.1,6.6,7.2,74.3,15.6,1.2,8.7
75.0,KOLDA,KOLDA,MAMPATIM,52680,53404,106084,68516,69756,138272,1.3241457859999999,1.306194293,20.0,17.0,13.6,9.9,7.7,6.0,4.9,4.3,3.3,2.4,3.2,1.9,1.7,1.4,1.2,0.7,0.7,0.0,0.0,2.2,2.0,2.6,6.6,8.5,7.9,7.3,11.0,51.9,91.2,8.8,67.0,12.9,3.5,4.2,2.3,7.1,0.8,1.9,1.4,1.7,11.6,84.9,0.0,0.3,58.2,36.7,4.0,1.0,0.0,54.0,52.1,53.2,13.5,1.7,63.0,73.1,67.6,40.1,17.8,46.0,37.0,14.5,1.3,1.2,59.5,32.8,7.4,0.2,0.2,37.3,27.3,33.7,1.7,,67.3,2.1,28.3,0.6,0.0,1.2,0.5,6.9,6.7,73.6,0.1,0.0,34.4,3.7,29.1,58.0,2.6,8.6,90.6,0.7,0.0,0.1,0.0,72.8,0.2,4.3,82.0,13.7,78.8,21.2,62.8,0.1,37.1,72.0,22.1,6.6,7.2,74.3,15.6,1.2,8.7
76.0,KOLDA,MEDINA YORO FOULAH,NDORNA,107158,107399,214557,127081,128104,140812,1.195468374,1.19278578,20.0,17.0,13.6,9.9,7.7,6.0,4.9,4.3,3.3,2.4,3.2,1.9,1.7,1.4,1.2,0.7,0.7,0.0,0.0,2.2,2.0,2.6,6.6,8.5,7.9,7.3,11.0,51.9,91.2,8.8,67.0,12.9,3.5,4.2,2.3,7.1,0.8,1.9,1.4,1.7,11.6,84.9,0.0,0.3,58.2,36.7,4.0,1.0,0.0,54.0,52.1,53.2,13.5,1.7,63.0,73.1,67.6,40.1,17.8,46.0,37.0,14.5,1.3,1.2,59.5,32.8,7.4,0.2,0.2,37.3,27.3,33.7,1.7,,67.3,2.1,28.3,0.6,0.0,1.2,0.5,6.9,6.7,73.6,0.1,0.0,34.4,3.7,29.1,58.0,2.6,8.6,90.6,0.7,0.0,0.1,0.0,72.8,0.2,4.3,82.0,13.7,78.8,21.2,62.8,0.1,37.1,72.0,22.1,6.6,7.2,74.3,15.6,1.2,8.7
77.0,KOLDA,VELINGARA,BONCONTO,52680,53404,106084,68516,69756,138272,1.3241457859999999,1.306194293,20.0,17.0,13.6,9.9,7.7,6.0,4.9,4.3,3.3,2.4,3.2,1.9,1.7,1.4,1.2,0.7,0.7,0.0,0.0,2.2,2.0,2.6,6.6,8.5,7.9,7.3,11.0,51.9,91.2,8.8,67.0,12.9,3.5,4.2,2.3,7.1,0.8,1.9,1.4,1.7,11.6,84.9,0.0,0.3,58.2,36.7,4.0,1.0,0.0,54.0,52.1,53.2,13.5,1.7,63.0,73.1,67.6,40.1,17.8,46.0,37.0,14.5,1.3,1.2,59.5,32.8,7.4,0.2,0.2,37.3,27.3,33.7,1.7,,67.3,2.1,28.3,0.6,0.0,1.2,0.5,6.9,6.7,73.6,0.1,0.0,34.4,3.7,29.1,58.0,2.6,8.6,90.6,0.7,0.0,0.1,0.0,72.8,0.2,4.3,82.0,13.7,78.8,21.2,62.8,0.1,37.1,72.0,22.1,6.6,7.2,74.3,15.6,1.2,8.7
78.0,KOLDA,MEDINA YORO FOULAH,NIAMING,123904,125170,249074,147779,149301,297080,1.204973205,1.192785811,20.0,17.0,13.6,9.9,7.7,6.0,4.9,4.3,3.3,2.4,3.2,1.9,1.7,1.4,1.2,0.7,0.7,0.0,0.0,2.2,2.0,2.6,6.6,8.5,7.9,7.3,11.0,51.9,91.2,8.8,67.0,12.9,3.5,4.2,2.3,7.1,0.8,1.9,1.4,1.7,11.6,84.9,0.0,0.3,58.2,36.7,4.0,1.0,0.0,54.0,52.1,53.2,13.5,1.7,63.0,73.1,67.6,40.1,17.8,46.0,37.0,14.5,1.3,1.2,59.5,32.8,7.4,0.2,0.2,37.3,27.3,33.7,1.7,,67.3,2.1,28.3,0.6,0.0,1.2,0.5,6.9,6.7,73.6,0.1,0.0,34.4,3.7,29.1,58.0,2.6,8.6,90.6,0.7,0.0,0.1,0.0,72.8,0.2,4.3,82.0,13.7,78.8,21.2,62.8,0.1,37.1,72.0,22.1,6.6,7.2,74.3,15.6,1.2,8.7
79.0,KOLDA,KOLDA,DIOULACOLON,52680,53404,106084,68516,69756,138272,1.3241457859999999,1.306194293,20.0,17.0,13.6,9.9,7.7,6.0,4.9,4.3,3.3,2.4,3.2,1.9,1.7,1.4,1.2,0.7,0.7,0.0,0.0,2.2,2.0,2.6,6.6,8.5,7.9,7.3,11.0,51.9,91.2,8.8,67.0,12.9,3.5,4.2,2.3,7.1,0.8,1.9,1.4,1.7,11.6,84.9,0.0,0.3,58.2,36.7,4.0,1.0,0.0,54.0,52.1,53.2,13.5,1.7,63.0,73.1,67.6,40.1,17.8,46.0,37.0,14.5,1.3,1.2,59.5,32.8,7.4,0.2,0.2,37.3,27.3,33.7,1.7,,67.3,2.1,28.3,0.6,0.0,1.2,0.5,6.9,6.7,73.6,0.1,0.0,34.4,3.7,29.1,58.0,2.6,8.6,90.6,0.7,0.0,0.1,0.0,72.8,0.2,4.3,82.0,13.7,78.8,21.2,62.8,0.1,37.1,72.0,22.1,6.6,7.2,74.3,15.6,1.2,8.7
80.0,KOLDA,VELINGARA,SARE COLY SALE,107158,107399,214557,127081,128104,140812,1.195468374,1.19278578,20.0,17.0,13.6,9.9,7.7,6.0,4.9,4.3,3.3,2.4,3.2,1.9,1.7,1.4,1.2,0.7,0.7,0.0,0.0,2.2,2.0,2.6,6.6,8.5,7.9,7.3,11.0,51.9,91.2,8.8,67.0,12.9,3.5,4.2,2.3,7.1,0.8,1.9,1.4,1.7,11.6,84.9,0.0,0.3,58.2,36.7,4.0,1.0,0.0,54.0,52.1,53.2,13.5,1.7,63.0,73.1,67.6,40.1,17.8,46.0,37.0,14.5,1.3,1.2,59.5,32.8,7.4,0.2,0.2,37.3,27.3,33.7,1.7,,67.3,2.1,28.3,0.6,0.0,1.2,0.5,6.9,6.7,73.6,0.1,0.0,34.4,3.7,29.1,58.0,2.6,8.6,90.6,0.7,0.0,0.1,0.0,72.8,0.2,4.3,82.0,13.7,78.8,21.2,62.8,0.1,37.1,72.0,22.1,6.6,7.2,74.3,15.6,1.2,8.7
81.0,KOLDA,VELINGARA,PAKOUR,123904,125170,249074,147779,149301,297080,1.204973205,1.192785811,20.0,17.0,13.6,9.9,7.7,6.0,4.9,4.3,3.3,2.4,3.2,1.9,1.7,1.4,1.2,0.7,0.7,0.0,0.0,2.2,2.0,2.6,6.6,8.5,7.9,7.3,11.0,51.9,91.2,8.8,67.0,12.9,3.5,4.2,2.3,7.1,0.8,1.9,1.4,1.7,11.6,84.9,0.0,0.3,58.2,36.7,4.0,1.0,0.0,54.0,52.1,53.2,13.5,1.7,63.0,73.1,67.6,40.1,17.8,46.0,37.0,14.5,1.3,1.2,59.5,32.8,7.4,0.2,0.2,37.3,27.3,33.7,1.7,,67.3,2.1,28.3,0.6,0.0,1.2,0.5,6.9,6.7,73.6,0.1,0.0,34.4,3.7,29.1,58.0,2.6,8.6,90.6,0.7,0.0,0.1,0.0,72.8,0.2,4.3,82.0,13.7,78.8,21.2,62.8,0.1,37.1,72.0,22.1,6.6,7.2,74.3,15.6,1.2,8.7
82.0,KOLDA,KOLDA,SARE BIDJI,123904,125170,249074,147779,149301,297080,1.204973205,1.192785811,20.0,17.0,13.6,9.9,7.7,6.0,4.9,4.3,3.3,2.4,3.2,1.9,1.7,1.4,1.2,0.7,0.7,0.0,0.0,2.2,2.0,2.6,6.6,8.5,7.9,7.3,11.0,51.9,91.2,8.8,67.0,12.9,3.5,4.2,2.3,7.1,0.8,1.9,1.4,1.7,11.6,84.9,0.0,0.3,58.2,36.7,4.0,1.0,0.0,54.0,52.1,53.2,13.5,1.7,63.0,73.1,67.6,40.1,17.8,46.0,37.0,14.5,1.3,1.2,59.5,32.8,7.4,0.2,0.2,37.3,27.3,33.7,1.7,,67.3,2.1,28.3,0.6,0.0,1.2,0.5,6.9,6.7,73.6,0.1,0.0,34.4,3.7,29.1,58.0,2.6,8.6,90.6,0.7,0.0,0.1,0.0,72.8,0.2,4.3,82.0,13.7,78.8,21.2,62.8,0.1,37.1,72.0,22.1,6.6,7.2,74.3,15.6,1.2,8.7
83.0,SEDHIOU,GOUDOMP,DJIBANAR,107158,107399,214557,12708,128104,140812,1.195468374,1.19278578,18.8,17.6,14.7,10.1,6.8,5.8,4.2,3.7,3.5,2.3,3.3,2.4,2.1,1.5,1.7,0.7,0.8,0.0,0.0,2.2,1.3,2.5,5.3,5.6,8.4,7.6,7.5,59.5,82.8,17.2,53.9,15.6,3.7,5.4,0.3,16.3,1.2,3.0,0.9,1.6,4.9,91.9,0.0,0.6,69.8,26.0,2.9,1.1,0.2,54.0,52.1,53.2,13.5,1.7,63.0,73.1,67.6,40.1,17.8,42.6,38.3,17.3,0.9,0.9,63.6,29.1,6.9,0.1,0.3,32.3,36.3,28.4,3.1,,71.9,1.6,23.7,0.6,0.6,1.6,0.1,6.0,6.7,73.9,0.0,0.0,33.2,2.3,32.3,60.1,1.7,4.7,95.0,0.2,0.0,0.0,0.2,71.0,0.0,0.9,89.8,9.3,76.9,23.1,65.7,0.0,34.3,69.3,21.2,4.3,4.9,63.2,9.9,0.9,14.2
84.0,SEDHIOU,SEDHIOU,DJIREDJI,70777,73161,143938,85921,88723,174644,1.253556946,1.212708957,18.8,17.6,14.7,10.1,6.8,5.8,4.2,3.7,3.5,2.3,3.3,2.4,2.1,1.5,1.7,0.7,0.8,0.0,0.0,2.2,1.3,2.5,5.3,5.6,8.4,7.6,7.5,59.5,82.8,17.2,53.9,15.6,3.7,5.4,0.3,16.3,1.2,3.0,0.9,1.6,4.9,91.9,0.0,0.6,69.8,26.0,2.9,1.1,0.2,54.0,52.1,53.2,13.5,1.7,63.0,73.1,67.6,40.1,17.8,42.6,38.3,17.3,0.9,0.9,63.6,29.1,6.9,0.1,0.3,32.3,36.3,28.4,3.1,,71.9,1.6,23.7,0.6,0.6,1.6,0.1,6.0,6.7,73.9,0.0,0.0,33.2,2.3,32.3,60.1,1.7,4.7,95.0,0.2,0.0,0.0,0.2,71.0,0.0,0.9,89.8,9.3,76.9,23.1,65.7,0.0,34.3,69.3,21.2,4.3,4.9,63.2,9.9,0.9,14.2
85.0,SEDHIOU,BOUNKILING,DIAROUME,78075,79706,157781,94781,96660,191441,1.238040346,1.212706697,18.8,17.6,14.7,10.1,6.8,5.8,4.2,3.7,3.5,2.3,3.3,2.4,2.1,1.5,1.7,0.7,0.8,0.0,0.0,2.2,1.3,2.5,5.3,5.6,8.4,7.6,7.5,59.5,82.8,17.2,53.9,15.6,3.7,5.4,0.3,16.3,1.2,3.0,0.9,1.6,4.9,91.9,0.0,0.6,69.8,26.0,2.9,1.1,0.2,54.0,52.1,53.2,13.5,1.7,63.0,73.1,67.6,40.1,17.8,42.6,38.3,17.3,0.9,0.9,63.6,29.1,6.9,0.1,0.3,32.3,36.3,28.4,3.1,,71.9,1.6,23.7,0.6,0.6,1.6,0.1,6.0,6.7,73.9,0.0,0.0,33.2,2.3,32.3,60.1,1.7,4.7,95.0,0.2,0.0,0.0,0.2,71.0,0.0,0.9,89.8,9.3,76.9,23.1,65.7,0.0,34.3,69.3,21.2,4.3,4.9,63.2,9.9,0.9,14.2
86.0,SEDHIOU,BOUNKILING,BONA,52455,52611,105066,63679,63801,127480,1.216299685,1.212693163,18.8,17.6,14.7,10.1,6.8,5.8,4.2,3.7,3.5,2.3,3.3,2.4,2.1,1.5,1.7,0.7,0.8,0.0,0.0,2.2,1.3,2.5,5.3,5.6,8.4,7.6,7.5,59.5,82.8,17.2,53.9,15.6,3.7,5.4,0.3,16.3,1.2,3.0,0.9,1.6,4.9,91.9,0.0,0.6,69.8,26.0,2.9,1.1,0.2,54.0,52.1,53.2,13.5,1.7,63.0,73.1,67.6,40.1,17.8,42.6,38.3,17.3,0.9,0.9,63.6,29.1,6.9,0.1,0.3,32.3,36.3,28.4,3.1,,71.9,1.6,23.7,0.6,0.6,1.6,0.1,6.0,6.7,73.9,0.0,0.0,33.2,2.3,32.3,60.1,1.7,4.7,95.0,0.2,0.0,0.0,0.2,71.0,0.0,0.9,89.8,9.3,76.9,23.1,65.7,0.0,34.3,69.3,21.2,4.3,4.9,63.2,9.9,0.9,14.2
87.0,SEDHIOU,GOUDOMP,KARANTABA,52455,52611,105066,63679,63801,127480,1.216299685,1.212693163,18.8,17.6,14.7,10.1,6.8,5.8,4.2,3.7,3.5,2.3,3.3,2.4,2.1,1.5,1.7,0.7,0.8,0.0,0.0,2.2,1.3,2.5,5.3,5.6,8.4,7.6,7.5,59.5,82.8,17.2,53.9,15.6,3.7,5.4,0.3,16.3,1.2,3.0,0.9,1.6,4.9,91.9,0.0,0.6,69.8,26.0,2.9,1.1,0.2,54.0,52.1,53.2,13.5,1.7,63.0,73.1,67.6,40.1,17.8,42.6,38.3,17.3,0.9,0.9,63.6,29.1,6.9,0.1,0.3,32.3,36.3,28.4,3.1,,71.9,1.6,23.7,0.6,0.6,1.6,0.1,6.0,6.7,73.9,0.0,0.0,33.2,2.3,32.3,60.1,1.7,4.7,95.0,0.2,0.0,0.0,0.2,71.0,0.0,0.9,89.8,9.3,76.9,23.1,65.7,0.0,34.3,69.3,21.2,4.3,4.9,63.2,9.9,0.9,14.2
88.0,SEDHIOU,SEDHIOU,DIENDE,70777,73161,143938,85921,88723,174644,1.253556946,1.212708957,18.8,17.6,14.7,10.1,6.8,5.8,4.2,3.7,3.5,2.3,3.3,2.4,2.1,1.5,1.7,0.7,0.8,0.0,0.0,2.2,1.3,2.5,5.3,5.6,8.4,7.6,7.5,59.5,82.8,17.2,53.9,15.6,3.7,5.4,0.3,16.3,1.2,3.0,0.9,1.6,4.9,91.9,0.0,0.6,69.8,26.0,2.9,1.1,0.2,54.0,52.1,53.2,13.5,1.7,63.0,73.1,67.6,40.1,17.8,42.6,38.3,17.3,0.9,0.9,63.6,29.1,6.9,0.1,0.3,32.3,36.3,28.4,3.1,,71.9,1.6,23.7,0.6,0.6,1.6,0.1,6.0,6.7,73.9,0.0,0.0,33.2,2.3,32.3,60.1,1.7,4.7,95.0,0.2,0.0,0.0,0.2,71.0,0.0,0.9,89.8,9.3,76.9,23.1,65.7,0.0,34.3,69.3,21.2,4.3,4.9,63.2,9.9,0.9,14.2
89.0,SEDHIOU,BOUNKILING,BOGHAL,78075,79706,157781,94781,96660,191441,1.238040346,1.212706697,18.8,17.6,14.7,10.1,6.8,5.8,4.2,3.7,3.5,2.3,3.3,2.4,2.1,1.5,1.7,0.7,0.8,0.0,0.0,2.2,1.3,2.5,5.3,5.6,8.4,7.6,7.5,59.5,82.8,17.2,53.9,15.6,3.7,5.4,0.3,16.3,1.2,3.0,0.9,1.6,4.9,91.9,0.0,0.6,69.8,26.0,2.9,1.1,0.2,54.0,52.1,53.2,13.5,1.7,63.0,73.1,67.6,40.1,17.8,42.6,38.3,17.3,0.9,0.9,63.6,29.1,6.9,0.1,0.3,32.3,36.3,28.4,3.1,,71.9,1.6,23.7,0.6,0.6,1.6,0.1,6.0,6.7,73.9,0.0,0.0,33.2,2.3,32.3,60.1,1.7,4.7,95.0,0.2,0.0,0.0,0.2,71.0,0.0,0.9,89.8,9.3,76.9,23.1,65.7,0.0,34.3,69.3,21.2,4.3,4.9,63.2,9.9,0.9,14.2
90.0,SEDHIOU,GOUDOMP,SIMBANDI BRASSOU,52455,52611,105066,63679,63801,127480,1.216299685,1.212693163,18.8,17.6,14.7,10.1,6.8,5.8,4.2,3.7,3.5,2.3,3.3,2.4,2.1,1.5,1.7,0.7,0.8,0.0,0.0,2.2,1.3,2.5,5.3,5.6,8.4,7.6,7.5,59.5,82.8,17.2,53.9,15.6,3.7,5.4,0.3,16.3,1.2,3.0,0.9,1.6,4.9,91.9,0.0,0.6,69.8,26.0,2.9,1.1,0.2,54.0,52.1,53.2,13.5,1.7,63.0,73.1,67.6,40.1,17.8,42.6,38.3,17.3,0.9,0.9,63.6,29.1,6.9,0.1,0.3,32.3,36.3,28.4,3.1,,71.9,1.6,23.7,0.6,0.6,1.6,0.1,6.0,6.7,73.9,0.0,0.0,33.2,2.3,32.3,60.1,1.7,4.7,95.0,0.2,0.0,0.0,0.2,71.0,0.0,0.9,89.8,9.3,76.9,23.1,65.7,0.0,34.3,69.3,21.2,4.3,4.9,63.2,9.9,0.9,14.2
91.0,SEDHIOU,SEDHIOU,DJIBABOUYA,70777,73161,143938,85921,88723,174644,1.253556946,1.212708957,18.8,17.6,14.7,10.1,6.8,5.8,4.2,3.7,3.5,2.3,3.3,2.4,2.1,1.5,1.7,0.7,0.8,0.0,0.0,2.2,1.3,2.5,5.3,5.6,8.4,7.6,7.5,59.5,82.8,17.2,53.9,15.6,3.7,5.4,0.3,16.3,1.2,3.0,0.9,1.6,4.9,91.9,0.0,0.6,69.8,26.0,2.9,1.1,0.2,54.0,52.1,53.2,13.5,1.7,63.0,73.1,67.6,40.1,17.8,42.6,38.3,17.3,0.9,0.9,63.6,29.1,6.9,0.1,0.3,32.3,36.3,28.4,3.1,,71.9,1.6,23.7,0.6,0.6,1.6,0.1,6.0,6.7,73.9,0.0,0.0,33.2,2.3,32.3,60.1,1.7,4.7,95.0,0.2,0.0,0.0,0.2,71.0,0.0,0.9,89.8,9.3,76.9,23.1,65.7,0.0,34.3,69.3,21.2,4.3,4.9,63.2,9.9,0.9,14.2
92.0,ZIGUINCHOR,OUSSOUYE,CABROUSSE,78075,79706,157781,94781,96660,191441,1.238040346,1.212706697,14.5,13.8,12.6,11.5,10.1,7.5,5.6,3.8,3.6,2.7,3.8,2.2,2.3,1.6,1.9,1.1,1.4,0.1,0.0,6.8,5.1,5.9,7.6,8.6,10.4,7.7,9.6,38.3,73.9,26.1,47.7,20.2,2.8,5.3,1.1,19.0,1.2,2.1,2.5,5.2,25.8,65.2,0.1,1.2,76.2,19.2,3.3,1.2,0.0,82.3,89.9,86.0,58.6,18.2,83.2,90.2,86.6,69.1,47.7,21.0,41.7,32.0,2.5,2.9,33.9,40.0,25.1,0.5,0.5,57.4,30.8,7.8,4.0,,16.3,6.0,64.1,1.2,2.2,10.0,0.2,9.2,9.6,36.2,0.1,0.0,21.2,5.8,64.9,60.9,4.7,30.9,68.4,0.5,0.0,0.0,0.1,76.2,1.1,4.3,81.8,13.9,41.5,58.5,41.5,0.0,58.5,65.6,46.3,9.8,17.4,49.0,18.7,1.6,18.9
93.0,ZIGUINCHOR,OUSSOUYE,LOUDIA OUOLOF,31658,30086,61744,37782,35740,73522,1.128940552,1.18792794,14.5,13.8,12.6,11.5,10.1,7.5,5.6,3.8,3.6,2.7,3.8,2.2,2.3,1.6,1.9,1.1,1.4,0.1,0.0,6.8,5.1,5.9,7.6,8.6,10.4,7.7,9.6,38.3,73.9,26.1,47.7,20.2,2.8,5.3,1.1,19.0,1.2,2.1,2.5,5.2,25.8,65.2,0.1,1.2,76.2,19.2,3.3,1.2,0.0,82.3,89.9,86.0,58.6,18.2,83.2,90.2,86.6,69.1,47.7,21.0,41.7,32.0,2.5,2.9,33.9,40.0,25.1,0.5,0.5,57.4,30.8,7.8,4.0,,16.3,6.0,64.1,1.2,2.2,10.0,0.2,9.2,9.6,36.2,0.1,0.0,21.2,5.8,64.9,60.9,4.7,30.9,68.4,0.5,0.0,0.0,0.1,76.2,1.1,4.3,81.8,13.9,41.5,58.5,41.5,0.0,58.5,65.6,46.3,9.8,17.4,49.0,18.7,1.6,18.9
94.0,ZIGUINCHOR,BIGNONA,SINDIAN,151154,152078,303232,180391,180659,361050,1.195198275,1.1879364540000001,14.5,13.8,12.6,11.5,10.1,7.5,5.6,3.8,3.6,2.7,3.8,2.2,2.3,1.6,1.9,1.1,1.4,0.1,0.0,6.8,5.1,5.9,7.6,8.6,10.4,7.7,9.6,38.3,73.9,26.1,47.7,20.2,2.8,5.3,1.1,19.0,1.2,2.1,2.5,5.2,25.8,65.2,0.1,1.2,76.2,19.2,3.3,1.2,0.0,82.3,89.9,86.0,58.6,18.2,83.2,90.2,86.6,69.1,47.7,21.0,41.7,32.0,2.5,2.9,33.9,40.0,25.1,0.5,0.5,57.4,30.8,7.8,4.0,,16.3,6.0,64.1,1.2,2.2,10.0,0.2,9.2,9.6,36.2,0.1,0.0,21.2,5.8,64.9,60.9,4.7,30.9,68.4,0.5,0.0,0.0,0.1,76.2,1.1,4.3,81.8,13.9,41.5,58.5,41.5,0.0,58.5,65.6,46.3,9.8,17.4,49.0,18.7,1.6,18.9
95.0,ZIGUINCHOR,BIGNONA,TENGHORY,151154,152078,303232,180391,180659,361050,1.195198275,1.1879364540000001,14.5,13.8,12.6,11.5,10.1,7.5,5.6,3.8,3.6,2.7,3.8,2.2,2.3,1.6,1.9,1.1,1.4,0.1,0.0,6.8,5.1,5.9,7.6,8.6,10.4,7.7,9.6,38.3,73.9,26.1,47.7,20.2,2.8,5.3,1.1,19.0,1.2,2.1,2.5,5.2,25.8,65.2,0.1,1.2,76.2,19.2,3.3,1.2,0.0,82.3,89.9,86.0,58.6,18.2,83.2,90.2,86.6,69.1,47.7,21.0,41.7,32.0,2.5,2.9,33.9,40.0,25.1,0.5,0.5,57.4,30.8,7.8,4.0,,16.3,6.0,64.1,1.2,2.2,10.0,0.2,9.2,9.6,36.2,0.1,0.0,21.2,5.8,64.9,60.9,4.7,30.9,68.4,0.5,0.0,0.0,0.1,76.2,1.1,4.3,81.8,13.9,41.5,58.5,41.5,0.0,58.5,65.6,46.3,9.8,17.4,49.0,18.7,1.6,18.9
96.0,ZIGUINCHOR,BIGNONA,KATABA I,151154,152078,303232,180391,180659,361050,1.195198275,1.1879364540000001,14.5,13.8,12.6,11.5,10.1,7.5,5.6,3.8,3.6,2.7,3.8,2.2,2.3,1.6,1.9,1.1,1.4,0.1,0.0,6.8,5.1,5.9,7.6,8.6,10.4,7.7,9.6,38.3,73.9,26.1,47.7,20.2,2.8,5.3,1.1,19.0,1.2,2.1,2.5,5.2,25.8,65.2,0.1,1.2,76.2,19.2,3.3,1.2,0.0,82.3,89.9,86.0,58.6,18.2,83.2,90.2,86.6,69.1,47.7,21.0,41.7,32.0,2.5,2.9,33.9,40.0,25.1,0.5,0.5,57.4,30.8,7.8,4.0,,16.3,6.0,64.1,1.2,2.2,10.0,0.2,9.2,9.6,36.2,0.1,0.0,21.2,5.8,64.9,60.9,4.7,30.9,68.4,0.5,0.0,0.0,0.1,76.2,1.1,4.3,81.8,13.9,41.5,58.5,41.5,0.0,58.5,65.6,46.3,9.8,17.4,49.0,18.7,1.6,18.9
97.0,ZIGUINCHOR,BIGNONA,TENDOUCK,151154,152078,303232,180391,180659,361050,1.195198275,1.1879364540000001,14.5,13.8,12.6,11.5,10.1,7.5,5.6,3.8,3.6,2.7,3.8,2.2,2.3,1.6,1.9,1.1,1.4,0.1,0.0,6.8,5.1,5.9,7.6,8.6,10.4,7.7,9.6,38.3,73.9,26.1,47.7,20.2,2.8,5.3,1.1,19.0,1.2,2.1,2.5,5.2,25.8,65.2,0.1,1.2,76.2,19.2,3.3,1.2,0.0,82.3,89.9,86.0,58.6,18.2,83.2,90.2,86.6,69.1,47.7,21.0,41.7,32.0,2.5,2.9,33.9,40.0,25.1,0.5,0.5,57.4,30.8,7.8,4.0,,16.3,6.0,64.1,1.2,2.2,10.0,0.2,9.2,9.6,36.2,0.1,0.0,21.2,5.8,64.9,60.9,4.7,30.9,68.4,0.5,0.0,0.0,0.1,76.2,1.1,4.3,81.8,13.9,41.5,58.5,41.5,0.0,58.5,65.6,46.3,9.8,17.4,49.0,18.7,1.6,18.9
98.0,ZIGUINCHOR,ZIGUINCHOR,NYASSIA,155541,158769,314310,185625,188607,374232,1.212587035,1.1879334129999999,14.5,13.8,12.6,11.5,10.1,7.5,5.6,3.8,3.6,2.7,3.8,2.2,2.3,1.6,1.9,1.1,1.4,0.1,0.0,6.8,5.1,5.9,7.6,8.6,10.4,7.7,9.6,38.3,73.9,26.1,47.7,20.2,2.8,5.3,1.1,19.0,1.2,2.1,2.5,5.2,25.8,65.2,0.1,1.2,76.2,19.2,3.3,1.2,0.0,82.3,89.9,86.0,58.6,18.2,83.2,90.2,86.6,69.1,47.7,21.0,41.7,32.0,2.5,2.9,33.9,40.0,25.1,0.5,0.5,57.4,30.8,7.8,4.0,,16.3,6.0,64.1,1.2,2.2,10.0,0.2,9.2,9.6,36.2,0.1,0.0,21.2,5.8,64.9,60.9,4.7,30.9,68.4,0.5,0.0,0.0,0.1,76.2,1.1,4.3,81.8,13.9,41.5,58.5,41.5,0.0,58.5,65.6,46.3,9.8,17.4,49.0,18.7,1.6,18.9
99.0,ZIGUINCHOR,ZIGUINCHOR,NIAGUIS,155541,158769,314310,185625,188607,374232,1.212587035,1.1879334129999999,14.5,13.8,12.6,11.5,10.1,7.5,5.6,3.8,3.6,2.7,3.8,2.2,2.3,1.6,1.9,1.1,1.4,0.1,0.0,6.8,5.1,5.9,7.6,8.6,10.4,7.7,9.6,38.3,73.9,26.1,47.7,20.2,2.8,5.3,1.1,19.0,1.2,2.1,2.5,5.2,25.8,65.2,0.1,1.2,76.2,19.2,3.3,1.2,0.0,82.3,89.9,86.0,58.6,18.2,83.2,90.2,86.6,69.1,47.7,21.0,41.7,32.0,2.5,2.9,33.9,40.0,25.1,0.5,0.5,57.4,30.8,7.8,4.0,,16.3,6.0,64.1,1.2,2.2,10.0,0.2,9.2,9.6,36.2,0.1,0.0,21.2,5.8,64.9,60.9,4.7,30.9,68.4,0.5,0.0,0.0,0.1,76.2,1.1,4.3,81.8,13.9,41.5,58.5,41.5,0.0,58.5,65.6,46.3,9.8,17.4,49.0,18.7,1.6,18.9
100.0,KEDOUGOU,KEDOUGOU,BANDAFASSI,21790,34297,56087,39904,41743,81647,1.915695273,1.217103537,18.0,19.0,13.3,9.1,6.1,5.9,5.0,4.7,3.5,2.5,3.9,2.9,2.5,1.6,1.0,0.3,0.6,0.2,0.0,2.7,5.0,5.2,9.7,11.0,13.1,10.9,8.2,34.3,86.8,13.2,71.2,12.3,3.7,2.1,1.4,7.9,0.4,0.8,0.0,1.5,8.9,88.7,0.0,1.0,67.4,27.7,3.2,1.6,0.0,42.6,42.5,42.6,11.1,2.2,47.3,58.6,52.5,27.3,4.7,32.3,51.2,14.5,0.6,1.3,54.6,37.1,7.2,0.0,1.0,46.4,35.8,15.1,2.7,,30.3,6.3,47.2,3.2,3.8,8.6,0.5,4.3,5.8,77.3,0.0,0.0,39.3,2.6,28.5,49.5,1.6,13.6,73.7,12.4,0.2,0.0,0.0,57.8,9.4,1.6,43.2,55.3,81.1,18.9,68.7,0.2,31.1,64.7,17.1,5.6,5.8,69.0,18.6,0.5,14.4
101.0,KEDOUGOU,SARAYA,BEMBOU,17584,18335,35919,21398,22316,43714,1.26910828,1.217125716,18.0,19.0,13.3,9.1,6.1,5.9,5.0,4.7,3.5,2.5,3.9,2.9,2.5,1.6,1.0,0.3,0.6,0.2,0.0,2.7,5.0,5.2,9.7,11.0,13.1,10.9,8.2,34.3,86.8,13.2,71.2,12.3,3.7,2.1,1.4,7.9,0.4,0.8,0.0,1.5,8.9,88.7,0.0,1.0,67.4,27.7,3.2,1.6,0.0,42.6,42.5,42.6,11.1,2.2,47.3,58.6,52.5,27.3,4.7,32.3,51.2,14.5,0.6,1.3,54.6,37.1,7.2,0.0,1.0,46.4,35.8,15.1,2.7,,30.3,6.3,47.2,3.2,3.8,8.6,0.5,4.3,5.8,77.3,0.0,0.0,39.3,2.6,28.5,49.5,1.6,13.6,73.7,12.4,0.2,0.0,0.0,57.8,9.4,1.6,43.2,55.3,81.1,18.9,68.7,0.2,31.1,64.7,17.1,5.6,5.8,69.0,18.6,0.5,14.4
102.0,KEDOUGOU,SALEMATA,DAKATELY,9215,10112,19327,11215,12308,23523,1.335648399,1.2171677220000001,18.0,19.0,13.3,9.1,6.1,5.9,5.0,4.7,3.5,2.5,3.9,2.9,2.5,1.6,1.0,0.3,0.6,0.2,0.0,2.7,5.0,5.2,9.7,11.0,13.1,10.9,8.2,34.3,86.8,13.2,71.2,12.3,3.7,2.1,1.4,7.9,0.4,0.8,0.0,1.5,8.9,88.7,0.0,1.0,67.4,27.7,3.2,1.6,0.0,42.6,42.5,42.6,11.1,2.2,47.3,58.6,52.5,27.3,4.7,32.3,51.2,14.5,0.6,1.3,54.6,37.1,7.2,0.0,1.0,46.4,35.8,15.1,2.7,,30.3,6.3,47.2,3.2,3.8,8.6,0.5,4.3,5.8,77.3,0.0,0.0,39.3,2.6,28.5,49.5,1.6,13.6,73.7,12.4,0.2,0.0,0.0,57.8,9.4,1.6,43.2,55.3,81.1,18.9,68.7,0.2,31.1,64.7,17.1,5.6,5.8,69.0,18.6,0.5,14.4
103.0,KEDOUGOU,SALEMATA,DAR SALAM,9215,10112,19327,11215,12308,23523,1.335648399,1.2171677220000001,18.0,19.0,13.3,9.1,6.1,5.9,5.0,4.7,3.5,2.5,3.9,2.9,2.5,1.6,1.0,0.3,0.6,0.2,0.0,2.7,5.0,5.2,9.7,11.0,13.1,10.9,8.2,34.3,86.8,13.2,71.2,12.3,3.7,2.1,1.4,7.9,0.4,0.8,0.0,1.5,8.9,88.7,0.0,1.0,67.4,27.7,3.2,1.6,0.0,42.6,42.5,42.6,11.1,2.2,47.3,58.6,52.5,27.3,4.7,32.3,51.2,14.5,0.6,1.3,54.6,37.1,7.2,0.0,1.0,46.4,35.8,15.1,2.7,,30.3,6.3,47.2,3.2,3.8,8.6,0.5,4.3,5.8,77.3,0.0,0.0,39.3,2.6,28.5,49.5,1.6,13.6,73.7,12.4,0.2,0.0,0.0,57.8,9.4,1.6,43.2,55.3,81.1,18.9,68.7,0.2,31.1,64.7,17.1,5.6,5.8,69.0,18.6,0.5,14.4
104.0,KEDOUGOU,KEDOUGOU,FONGOLIMBI,21790,34297,56087,39904,41743,81647,1.915695273,1.217103537,18.0,19.0,13.3,9.1,6.1,5.9,5.0,4.7,3.5,2.5,3.9,2.9,2.5,1.6,1.0,0.3,0.6,0.2,0.0,2.7,5.0,5.2,9.7,11.0,13.1,10.9,8.2,34.3,86.8,13.2,71.2,12.3,3.7,2.1,1.4,7.9,0.4,0.8,0.0,1.5,8.9,88.7,0.0,1.0,67.4,27.7,3.2,1.6,0.0,42.6,42.5,42.6,11.1,2.2,47.3,58.6,52.5,27.3,4.7,32.3,51.2,14.5,0.6,1.3,54.6,37.1,7.2,0.0,1.0,46.4,35.8,15.1,2.7,,30.3,6.3,47.2,3.2,3.8,8.6,0.5,4.3,5.8,77.3,0.0,0.0,39.3,2.6,28.5,49.5,1.6,13.6,73.7,12.4,0.2,0.0,0.0,57.8,9.4,1.6,43.2,55.3,81.1,18.9,68.7,0.2,31.1,64.7,17.1,5.6,5.8,69.0,18.6,0.5,14.4
105.0,KEDOUGOU,SARAYA,SABODALA,17584,18335,35919,21398,22316,43714,1.26910828,1.217125716,18.0,19.0,13.3,9.1,6.1,5.9,5.0,4.7,3.5,2.5,3.9,2.9,2.5,1.6,1.0,0.3,0.6,0.2,0.0,2.7,5.0,5.2,9.7,11.0,13.1,10.9,8.2,34.3,86.8,13.2,71.2,12.3,3.7,2.1,1.4,7.9,0.4,0.8,0.0,1.5,8.9,88.7,0.0,1.0,67.4,27.7,3.2,1.6,0.0,42.6,42.5,42.6,11.1,2.2,47.3,58.6,52.5,27.3,4.7,32.3,51.2,14.5,0.6,1.3,54.6,37.1,7.2,0.0,1.0,46.4,35.8,15.1,2.7,,30.3,6.3,47.2,3.2,3.8,8.6,0.5,4.3,5.8,77.3,0.0,0.0,39.3,2.6,28.5,49.5,1.6,13.6,73.7,12.4,0.2,0.0,0.0,57.8,9.4,1.6,43.2,55.3,81.1,18.9,68.7,0.2,31.1,64.7,17.1,5.6,5.8,69.0,18.6,0.5,14.4
106.0,TAMBACOUNDA,TAMBACOUNDA,KOUSSANAR,126678,124134,250812,154158,151086,305244,1.192677497,1.217120209,18.8,18.2,12.3,10.0,7.8,6.7,5.2,4.2,3.0,3.0,2.9,2.2,1.9,1.1,1.3,0.6,0.6,0.1,0.2,2.4,4.5,5.4,6.8,8.0,8.6,8.2,6.5,49.5,88.2,11.8,66.5,13.6,2.1,5.0,1.0,9.8,0.8,0.9,0.1,1.9,15.7,81.4,0.1,0.8,62.8,30.0,5.4,1.8,0.0,42.6,42.5,42.6,11.1,2.2,47.3,58.6,52.5,27.3,4.7,62.9,27.6,8.7,0.5,0.3,68.0,26.9,5.0,0.1,0.1,65.8,25.2,6.3,2.7,,14.9,3.3,68.5,0.0,1.9,11.2,0.2,3.3,5.5,83.1,0.0,0.0,58.9,1.7,24.4,33.1,1.1,23.1,73.6,0.9,2.1,0.1,0.1,47.3,14.1,1.8,71.7,26.5,78.5,21.5,60.0,0.2,39.8,66.7,19.8,5.6,6.3,57.2,14.3,1.0,17.2
107.0,TAMBACOUNDA,TAMBACOUNDA,MISSIRAH,126678,124134,250812,154158,151086,305244,1.192677497,1.217120209,18.8,18.2,12.3,10.0,7.8,6.7,5.2,4.2,3.0,3.0,2.9,2.2,1.9,1.1,1.3,0.6,0.6,0.1,0.2,2.4,4.5,5.4,6.8,8.0,8.6,8.2,6.5,49.5,88.2,11.8,66.5,13.6,2.1,5.0,1.0,9.8,0.8,0.9,0.1,1.9,15.7,81.4,0.1,0.8,62.8,30.0,5.4,1.8,0.0,42.6,42.5,42.6,11.1,2.2,47.3,58.6,52.5,27.3,4.7,62.9,27.6,8.7,0.5,0.3,68.0,26.9,5.0,0.1,0.1,65.8,25.2,6.3,2.7,,14.9,3.3,68.5,0.0,1.9,11.2,0.2,3.3,5.5,83.1,0.0,0.0,58.9,1.7,24.4,33.1,1.1,23.1,73.6,0.9,2.1,0.1,0.1,47.3,14.1,1.8,71.7,26.5,78.5,21.5,60.0,0.2,39.8,66.7,19.8,5.6,6.3,57.2,14.3,1.0,17.2
108.0,TAMBACOUNDA,TAMBACOUNDA,MAKACOULIBANTANG,126678,124134,250812,154158,151086,305244,1.192677497,1.217120209,18.8,18.2,12.3,10.0,7.8,6.7,5.2,4.2,3.0,3.0,2.9,2.2,1.9,1.1,1.3,0.6,0.6,0.1,0.2,2.4,4.5,5.4,6.8,8.0,8.6,8.2,6.5,49.5,88.2,11.8,66.5,13.6,2.1,5.0,1.0,9.8,0.8,0.9,0.1,1.9,15.7,81.4,0.1,0.8,62.8,30.0,5.4,1.8,0.0,42.6,42.5,42.6,11.1,2.2,47.3,58.6,52.5,27.3,4.7,62.9,27.6,8.7,0.5,0.3,68.0,26.9,5.0,0.1,0.1,65.8,25.2,6.3,2.7,,14.9,3.3,68.5,0.0,1.9,11.2,0.2,3.3,5.5,83.1,0.0,0.0,58.9,1.7,24.4,33.1,1.1,23.1,73.6,0.9,2.1,0.1,0.1,47.3,14.1,1.8,71.7,26.5,78.5,21.5,60.0,0.2,39.8,66.7,19.8,5.6,6.3,57.2,14.3,1.0,17.2
109.0,TAMBACOUNDA,KOUPENTOUM,KOUTHIABA OUOLOF,68512,67538,136050,83375,82202,165577,1.19981901,1.217122213,18.8,18.2,12.3,10.0,7.8,6.7,5.2,4.2,3.0,3.0,2.9,2.2,1.9,1.1,1.3,0.6,0.6,0.1,0.2,2.4,4.5,5.4,6.8,8.0,8.6,8.2,6.5,49.5,88.2,11.8,66.5,13.6,2.1,5.0,1.0,9.8,0.8,0.9,0.1,1.9,15.7,81.4,0.1,0.8,62.8,30.0,5.4,1.8,0.0,42.6,42.5,42.6,11.1,2.2,47.3,58.6,52.5,27.3,4.7,62.9,27.6,8.7,0.5,0.3,68.0,26.9,5.0,0.1,0.1,65.8,25.2,6.3,2.7,,14.9,3.3,68.5,0.0,1.9,11.2,0.2,3.3,5.5,83.1,0.0,0.0,58.9,1.7,24.4,33.1,1.1,23.1,73.6,0.9,2.1,0.1,0.1,47.3,14.1,1.8,71.7,26.5,78.5,21.5,60.0,0.2,39.8,66.7,19.8,5.6,6.3,57.2,14.3,1.0,17.2
110.0,TAMBACOUNDA,KOUPENTOUM,BAMBA NDIAYENE,68512,67538,136050,83375,82202,165577,1.19981901,1.217122213,18.8,18.2,12.3,10.0,7.8,6.7,5.2,4.2,3.0,3.0,2.9,2.2,1.9,1.1,1.3,0.6,0.6,0.1,0.2,2.4,4.5,5.4,6.8,8.0,8.6,8.2,6.5,49.5,88.2,11.8,66.5,13.6,2.1,5.0,1.0,9.8,0.8,0.9,0.1,1.9,15.7,81.4,0.1,0.8,62.8,30.0,5.4,1.8,0.0,42.6,42.5,42.6,11.1,2.2,47.3,58.6,52.5,27.3,4.7,62.9,27.6,8.7,0.5,0.3,68.0,26.9,5.0,0.1,0.1,65.8,25.2,6.3,2.7,,14.9,3.3,68.5,0.0,1.9,11.2,0.2,3.3,5.5,83.1,0.0,0.0,58.9,1.7,24.4,33.1,1.1,23.1,73.6,0.9,2.1,0.1,0.1,47.3,14.1,1.8,71.7,26.5,78.5,21.5,60.0,0.2,39.8,66.7,19.8,5.6,6.3,57.2,14.3,1.0,17.2
111.0,TAMBACOUNDA,GOUDIRY,KOULOR,43645,45563,89208,53113,55456,108569,1.2706151909999999,1.217127933,18.8,18.2,12.3,10.0,7.8,6.7,5.2,4.2,3.0,3.0,2.9,2.2,1.9,1.1,1.3,0.6,0.6,0.1,0.2,2.4,4.5,5.4,6.8,8.0,8.6,8.2,6.5,49.5,88.2,11.8,66.5,13.6,2.1,5.0,1.0,9.8,0.8,0.9,0.1,1.9,15.7,81.4,0.1,0.8,62.8,30.0,5.4,1.8,0.0,42.6,42.5,42.6,11.1,2.2,47.3,58.6,52.5,27.3,4.7,62.9,27.6,8.7,0.5,0.3,68.0,26.9,5.0,0.1,0.1,65.8,25.2,6.3,2.7,,14.9,3.3,68.5,0.0,1.9,11.2,0.2,3.3,5.5,83.1,0.0,0.0,58.9,1.7,24.4,33.1,1.1,23.1,73.6,0.9,2.1,0.1,0.1,47.3,14.1,1.8,71.7,26.5,78.5,21.5,60.0,0.2,39.8,66.7,19.8,5.6,6.3,57.2,14.3,1.0,17.2
112.0,TAMBACOUNDA,GOUDIRY,DIANKE MAKHA,43645,45563,89208,53113,55456,108569,1.2706151909999999,1.217127933,18.8,18.2,12.3,10.0,7.8,6.7,5.2,4.2,3.0,3.0,2.9,2.2,1.9,1.1,1.3,0.6,0.6,0.1,0.2,2.4,4.5,5.4,6.8,8.0,8.6,8.2,6.5,49.5,88.2,11.8,66.5,13.6,2.1,5.0,1.0,9.8,0.8,0.9,0.1,1.9,15.7,81.4,0.1,0.8,62.8,30.0,5.4,1.8,0.0,42.6,42.5,42.6,11.1,2.2,47.3,58.6,52.5,27.3,4.7,62.9,27.6,8.7,0.5,0.3,68.0,26.9,5.0,0.1,0.1,65.8,25.2,6.3,2.7,,14.9,3.3,68.5,0.0,1.9,11.2,0.2,3.3,5.5,83.1,0.0,0.0,58.9,1.7,24.4,33.1,1.1,23.1,73.6,0.9,2.1,0.1,0.1,47.3,14.1,1.8,71.7,26.5,78.5,21.5,60.0,0.2,39.8,66.7,19.8,5.6,6.3,57.2,14.3,1.0,17.2
113.0,TAMBACOUNDA,GOUDIRY,BALA,43645,45563,89208,53113,55456,108569,1.2706151909999999,1.217127933,18.8,18.2,12.3,10.0,7.8,6.7,5.2,4.2,3.0,3.0,2.9,2.2,1.9,1.1,1.3,0.6,0.6,0.1,0.2,2.4,4.5,5.4,6.8,8.0,8.6,8.2,6.5,49.5,88.2,11.8,66.5,13.6,2.1,5.0,1.0,9.8,0.8,0.9,0.1,1.9,15.7,81.4,0.1,0.8,62.8,30.0,5.4,1.8,0.0,42.6,42.5,42.6,11.1,2.2,47.3,58.6,52.5,27.3,4.7,62.9,27.6,8.7,0.5,0.3,68.0,26.9,5.0,0.1,0.1,65.8,25.2,6.3,2.7,,14.9,3.3,68.5,0.0,1.9,11.2,0.2,3.3,5.5,83.1,0.0,0.0,58.9,1.7,24.4,33.1,1.1,23.1,73.6,0.9,2.1,0.1,0.1,47.3,14.1,1.8,71.7,26.5,78.5,21.5,60.0,0.2,39.8,66.7,19.8,5.6,6.3,57.2,14.3,1.0,17.2
114.0,TAMBACOUNDA,GOUDIRY,BOYNGUEL BAMBA,43645,45563,89208,53113,55456,108569,1.2706151909999999,1.217127933,18.8,18.2,12.3,10.0,7.8,6.7,5.2,4.2,3.0,3.0,2.9,2.2,1.9,1.1,1.3,0.6,0.6,0.1,0.2,2.4,4.5,5.4,6.8,8.0,8.6,8.2,6.5,49.5,88.2,11.8,66.5,13.6,2.1,5.0,1.0,9.8,0.8,0.9,0.1,1.9,15.7,81.4,0.1,0.8,62.8,30.0,5.4,1.8,0.0,42.6,42.5,42.6,11.1,2.2,47.3,58.6,52.5,27.3,4.7,62.9,27.6,8.7,0.5,0.3,68.0,26.9,5.0,0.1,0.1,65.8,25.2,6.3,2.7,,14.9,3.3,68.5,0.0,1.9,11.2,0.2,3.3,5.5,83.1,0.0,0.0,58.9,1.7,24.4,33.1,1.1,23.1,73.6,0.9,2.1,0.1,0.1,47.3,14.1,1.8,71.7,26.5,78.5,21.5,60.0,0.2,39.8,66.7,19.8,5.6,6.3,57.2,14.3,1.0,17.2
115.0,TAMBACOUNDA,BAKEL,MOUDERY,67539,69456,136995,82191,84537,166728,1.2516768090000001,1.21713027,18.8,18.2,12.3,10.0,7.8,6.7,5.2,4.2,3.0,3.0,2.9,2.2,1.9,1.1,1.3,0.6,0.6,0.1,0.2,2.4,4.5,5.4,6.8,8.0,8.6,8.2,6.5,49.5,88.2,11.8,66.5,13.6,2.1,5.0,1.0,9.8,0.8,0.9,0.1,1.9,15.7,81.4,0.1,0.8,62.8,30.0,5.4,1.8,0.0,42.6,42.5,42.6,11.1,2.2,47.3,58.6,52.5,27.3,4.7,62.9,27.6,8.7,0.5,0.3,68.0,26.9,5.0,0.1,0.1,65.8,25.2,6.3,2.7,,14.9,3.3,68.5,0.0,1.9,11.2,0.2,3.3,5.5,83.1,0.0,0.0,58.9,1.7,24.4,33.1,1.1,23.1,73.6,0.9,2.1,0.1,0.1,47.3,14.1,1.8,71.7,26.5,78.5,21.5,60.0,0.2,39.8,66.7,19.8,5.6,6.3,57.2,14.3,1.0,17.2
116.0,TAMBACOUNDA,BAKEL,KENIEBA,67539,69456,136995,82191,84537,166728,1.2516768090000001,1.21713027,18.8,18.2,12.3,10.0,7.8,6.7,5.2,4.2,3.0,3.0,2.9,2.2,1.9,1.1,1.3,0.6,0.6,0.1,0.2,2.4,4.5,5.4,6.8,8.0,8.6,8.2,6.5,49.5,88.2,11.8,66.5,13.6,2.1,5.0,1.0,9.8,0.8,0.9,0.1,1.9,15.7,81.4,0.1,0.8,62.8,30.0,5.4,1.8,0.0,42.6,42.5,42.6,11.1,2.2,47.3,58.6,52.5,27.3,4.7,62.9,27.6,8.7,0.5,0.3,68.0,26.9,5.0,0.1,0.1,65.8,25.2,6.3,2.7,,14.9,3.3,68.5,0.0,1.9,11.2,0.2,3.3,5.5,83.1,0.0,0.0,58.9,1.7,24.4,33.1,1.1,23.1,73.6,0.9,2.1,0.1,0.1,47.3,14.1,1.8,71.7,26.5,78.5,21.5,60.0,0.2,39.8,66.7,19.8,5.6,6.3,57.2,14.3,1.0,17.2
117.0,TAMBACOUNDA,BAKEL,BELE,67539,69456,136995,82191,84537,166728,1.2516768090000001,1.21713027,18.8,18.2,12.3,10.0,7.8,6.7,5.2,4.2,3.0,3.0,2.9,2.2,1.9,1.1,1.3,0.6,0.6,0.1,0.2,2.4,4.5,5.4,6.8,8.0,8.6,8.2,6.5,49.5,88.2,11.8,66.5,13.6,2.1,5.0,1.0,9.8,0.8,0.9,0.1,1.9,15.7,81.4,0.1,0.8,62.8,30.0,5.4,1.8,0.0,42.6,42.5,42.6,11.1,2.2,47.3,58.6,52.5,27.3,4.7,62.9,27.6,8.7,0.5,0.3,68.0,26.9,5.0,0.1,0.1,65.8,25.2,6.3,2.7,,14.9,3.3,68.5,0.0,1.9,11.2,0.2,3.3,5.5,83.1,0.0,0.0,58.9,1.7,24.4,33.1,1.1,23.1,73.6,0.9,2.1,0.1,0.1,47.3,14.1,1.8,71.7,26.5,78.5,21.5,60.0,0.2,39.8,66.7,19.8,5.6,6.3,57.2,14.3,1.0,17.2
118.0,MATAM,MATAM,OGO,123879,136497,260376,151691,164948,316639,1.331525117,1.208436815,18.6,16.4,13.3,9.7,8.7,5.6,5.1,4.2,3.1,2.5,3.3,2.1,2.4,1.4,1.7,0.7,0.9,0.2,0.0,2.7,2.7,4.6,6.3,8.8,7.9,9.9,5.7,51.3,82.2,17.8,56.8,24.4,4.3,2.9,0.2,8.9,0.7,1.5,0.9,6.3,5.7,84.9,0.9,1.4,50.8,36.3,9.2,3.6,0.0,45.9,45.5,45.7,9.0,1.5,37.7,40.9,39.1,11.7,2.6,68.7,21.6,8.4,0.6,0.7,69.2,24.5,5.7,0.2,0.4,75.6,14.7,4.0,5.7,,12.4,4.1,74.6,1.1,0.6,7.1,0.0,5.3,7.4,78.3,0.0,0.1,33.4,2.5,44.3,53.1,1.8,48.7,47.9,2.4,0.3,0.0,0.7,68.5,0.1,11.8,50.2,38.0,65.6,34.4,54.9,0.7,44.5,63.5,31.1,9.9,13.3,9.3,3.5,1.6,29.4
119.0,MATAM,MATAM,AGNAM CIVOL,123879,136497,260376,151691,164948,316639,1.331525117,1.208436815,18.6,16.4,13.3,9.7,8.7,5.6,5.1,4.2,3.1,2.5,3.3,2.1,2.4,1.4,1.7,0.7,0.9,0.2,0.0,2.7,2.7,4.6,6.3,8.8,7.9,9.9,5.7,51.3,82.2,17.8,56.8,24.4,4.3,2.9,0.2,8.9,0.7,1.5,0.9,6.3,5.7,84.9,0.9,1.4,50.8,36.3,9.2,3.6,0.0,45.9,45.5,45.7,9.0,1.5,37.7,40.9,39.1,11.7,2.6,68.7,21.6,8.4,0.6,0.7,69.2,24.5,5.7,0.2,0.4,75.6,14.7,4.0,5.7,,12.4,4.1,74.6,1.1,0.6,7.1,0.0,5.3,7.4,78.3,0.0,0.1,33.4,2.5,44.3,53.1,1.8,48.7,47.9,2.4,0.3,0.0,0.7,68.5,0.1,11.8,50.2,38.0,65.6,34.4,54.9,0.7,44.5,63.5,31.1,9.9,13.3,9.3,3.5,1.6,29.4
120.0,MATAM,RANEROU,VELINGARA,26508,26290,52798,32460,31770,64230,1.198506111,1.208444275,18.6,16.4,13.3,9.7,8.7,5.6,5.1,4.2,3.1,2.5,3.3,2.1,2.4,1.4,1.7,0.7,0.9,0.2,0.0,2.7,2.7,4.6,6.3,8.8,7.9,9.9,5.7,51.3,82.2,17.8,56.8,24.4,4.3,2.9,0.2,8.9,0.7,1.5,0.9,6.3,5.7,84.9,0.9,1.4,50.8,36.3,9.2,3.6,0.0,45.9,45.5,45.7,9.0,1.5,37.7,40.9,39.1,11.7,2.6,68.7,21.6,8.4,0.6,0.7,69.2,24.5,5.7,0.2,0.4,75.6,14.7,4.0,5.7,,12.4,4.1,74.6,1.1,0.6,7.1,0.0,5.3,7.4,78.3,0.0,0.1,33.4,2.5,44.3,53.1,1.8,48.7,47.9,2.4,0.3,0.0,0.7,68.5,0.1,11.8,50.2,38.0,65.6,34.4,54.9,0.7,44.5,63.5,31.1,9.9,13.3,9.3,3.5,1.6,29.4
121.0,MATAM,KANEL,ORKADIERE,95049,102341,197390,116388,123673,240061,1.301149933,1.20844041,18.6,16.4,13.3,9.7,8.7,5.6,5.1,4.2,3.1,2.5,3.3,2.1,2.4,1.4,1.7,0.7,0.9,0.2,0.0,2.7,2.7,4.6,6.3,8.8,7.9,9.9,5.7,51.3,82.2,17.8,56.8,24.4,4.3,2.9,0.2,8.9,0.7,1.5,0.9,6.3,5.7,84.9,0.9,1.4,50.8,36.3,9.2,3.6,0.0,45.9,45.5,45.7,9.0,1.5,37.7,40.9,39.1,11.7,2.6,68.7,21.6,8.4,0.6,0.7,69.2,24.5,5.7,0.2,0.4,75.6,14.7,4.0,5.7,,12.4,4.1,74.6,1.1,0.6,7.1,0.0,5.3,7.4,78.3,0.0,0.1,33.4,2.5,44.3,53.1,1.8,48.7,47.9,2.4,0.3,0.0,0.7,68.5,0.1,11.8,50.2,38.0,65.6,34.4,54.9,0.7,44.5,63.5,31.1,9.9,13.3,9.3,3.5,1.6,29.4
122.0,MATAM,KANEL,OURO SIDY,95049,102341,197390,116388,123673,240061,1.301149933,1.20844041,18.6,16.4,13.3,9.7,8.7,5.6,5.1,4.2,3.1,2.5,3.3,2.1,2.4,1.4,1.7,0.7,0.9,0.2,0.0,2.7,2.7,4.6,6.3,8.8,7.9,9.9,5.7,51.3,82.2,17.8,56.8,24.4,4.3,2.9,0.2,8.9,0.7,1.5,0.9,6.3,5.7,84.9,0.9,1.4,50.8,36.3,9.2,3.6,0.0,45.9,45.5,45.7,9.0,1.5,37.7,40.9,39.1,11.7,2.6,68.7,21.6,8.4,0.6,0.7,69.2,24.5,5.7,0.2,0.4,75.6,14.7,4.0,5.7,,12.4,4.1,74.6,1.1,0.6,7.1,0.0,5.3,7.4,78.3,0.0,0.1,33.4,2.5,44.3,53.1,1.8,48.7,47.9,2.4,0.3,0.0,0.7,68.5,0.1,11.8,50.2,38.0,65.6,34.4,54.9,0.7,44.5,63.5,31.1,9.9,13.3,9.3,3.5,1.6,29.4
