arrid	activedays_all	durationofcalls_call_mean	durationofcalls_call_median	durationofcalls_call_std	entropyofcontacts_call	entropyofcontacts_text	entropyplaces_all	interactionspercontact_call_mean	interactionspercontact_call_median	interactionspercontact_call_std	interactionspercontact_text_mean	interactionspercontact_text_median	interactionspercontact_text_std	interevents_call_mean	interevents_call_median	interevents_call_std	interevents_text_mean	interevents_text_median	interevents_text_std	numberofcontacts_call	numberofcontacts_text	numberofinteractions_call	numberofinteractions_text	numberofplaces_all	percentageinitiatedconversation_all	percentathome_all	percentnocturnal_call	percentnocturnal_text	radiusofgyration_all	responsedelaytext_all_mean	responsedelaytext_all_median	responsedelaytext_all_std	responseratetext_all
1	25.021448923307464	71.09957286648067	33.24560111118744	119.60818140135473	3.535468990813758	2.2980410915639258	1.7774109277901202	4.080458757670999	1.722271581817384	7.301381330085268	7.0448818336531716	2.128019008192344	17.1715607907602	13594.486373894302	3520.798613318833	24463.1742355332	83554.5490342347	51459.87994458246	95404.51548102518	82.68703805649595	30.664237240497187	355.75499541462267	305.43356399577095	38.166960284833316	0.2919997409904051	0.4930070784797373	0.3843605504204963	0.42976004379305066	8684.083141680881	264.71351102373	161.1969423366057	298.26963145469796	0.1576298623286197
2	25.63405594346238	75.73445596200395	35.51506937956821	126.30824143743625	3.5583805842590266	2.4145690934241553	1.837914654278897	4.183489022840894	1.7352533284157836	7.610051465098565	7.758064688273863	2.2670060744856264	19.275755726094996	12877.440961635493	3407.9277051939252	23302.22971850673	66769.02056905843	39150.38132170871	79950.18733436342	85.93814693190245	34.29877457515249	377.35405413803034	352.695978093681	41.317492140600095	0.32059173325677903	0.47329149852606284	0.3675474881379818	0.41748312909271507	8780.557361172097	298.07432760716335	170.71964933871328	354.79592095904025	0.1932746643094424
3	25.33986668483246	71.41928967141101	34.07574219991418	117.72810964575883	3.571619213202538	2.3245707487912957	1.8604901428515779	4.139706207445029	1.7327369804116546	7.498806951029739	7.150314779148805	2.1375353907335035	17.575420756652605	12813.986473988818	3305.9518211900663	23325.959778379693	80011.59505229889	49009.84693192599	91534.5508976007	85.9419477036971	31.300983232070095	374.7851564537989	311.01388102532934	40.504102390697405	0.29284889488046406	0.4584497372209856	0.3664003241606265	0.41603076786612264	8677.55667607048	273.3851438088322	163.73583142796787	311.97712699822057	0.1655416482275624
4	25.50684492632271	70.98100940107878	34.418713886664385	115.65153438305602	3.6120798853876335	2.40069073875617	1.940343663111825	4.071638133951848	1.722093403610868	7.281825393419765	6.666855968739661	2.1343747448667267	15.864266804336422	12532.225028566081	3234.480972045255	22881.992373594123	75484.96539197648	45654.69829500569	87397.25700017654	88.91320205133535	33.3571549728685	379.444124944401	296.73931313956433	41.37444534805918	0.29905412981050067	0.4178793953623538	0.34548861483662097	0.3946588573343686	8577.609654223961	290.18250412379086	169.33289215713697	337.14266443276153	0.17353346050090093
5	24.54022887235498	67.48402805438378	31.135434967248482	114.91360489039141	3.497843276951781	2.198304551731211	1.723070101781078	3.988068085293836	1.7023550224459962	7.067998538218198	6.50218014536483	2.058095707043977	15.551086713077705	14742.932475533995	3897.9529025713264	26192.19399092812	95554.16223597454	60328.953741806574	106168.51603771668	79.16490362395862	28.16215515741157	335.13372882636116	276.58638394824857	34.57322931017043	0.27730031972122426	0.4984601171458324	0.39442222407748134	0.4347927629580428	8663.001080849039	243.27847555841217	154.8341737202857	261.8700173169081	0.13737312385801767
6	24.27690388668985	63.98719530048332	30.30731765061412	106.30866642825686	3.5227899939053136	2.0300293448682996	1.7011353785546222	4.061649374662647	1.7394022378564855	7.126182008530917	5.28121378789494	1.914760531413447	11.230351003596635	13924.21715428956	3532.696994237752	25137.55723782759	122087.14336439264	81237.77178625565	127303.0636569522	80.83228768882721	22.792261500549362	345.20877755162513	190.23728587704332	32.68752659362112	0.23850294395192162	0.49177596958010517	0.3783928909882459	0.41401025462850355	8584.244110875716	206.61294315329692	137.45191466715536	206.44154113750992	0.10083698133167668
7	24.132731408670406	67.76516158298551	31.623308421701342	113.19837448607927	3.4913609558994714	2.080896890289592	1.675861247435407	3.978605466178361	1.7160728575764566	6.881932812896911	5.843058428415543	1.9896735427263614	13.511748228687573	14791.077436817723	3744.9411396349606	26614.996448495294	112166.68783788229	72960.20140318469	120607.63460153992	77.70951759829623	24.688257802782225	326.1979906399119	227.4992692056004	32.14001346697201	0.2516423848359264	0.505947484716651	0.36857977239941253	0.4119865977464118	8638.332799089743	226.46599336367774	149.43067520085634	230.27150616871742	0.11490608876004096
8	23.73087960467561	65.98525936029763	30.513288313970712	111.15436034908377	3.428453046136724	2.0263852679722585	1.6408427907342888	3.967361903404254	1.7126960099501867	6.842939199793676	5.7004162585251095	1.976117279256715	12.878890424696218	16198.862951266687	4379.358185596149	28243.570657021934	117459.7629942586	77358.34351199816	124191.78341797063	72.4619900961584	23.579433660507902	305.0920710838562	215.01126238769865	29.651141137280373	0.2539272482723898	0.5130050694378527	0.38171013422749694	0.42146038676116726	8642.244517570321	218.73833441154326	145.09633380569434	221.4246808927488	0.11117624893965819
9	23.874936763861943	65.3263956820279	31.059580066073238	108.24166362278675	3.4564290995761513	2.058167801023733	1.6365214777039476	4.013912107825072	1.7011226242736033	7.0771133232175485	5.995738874674715	1.9719977139419331	13.879304628400167	15351.968414292822	4169.411353709541	27285.990889831308	110470.30972068354	70513.83201216592	121361.78084306272	76.3294161409724	23.35264038646205	323.5483457071497	214.75495505152674	28.462982952957145	0.254871112795215	0.504059452023233	0.37979476869291795	0.421263026927854	8823.610369610067	228.63622401667314	153.54216653769709	227.44671086818286	0.11299626656955111
10	23.476169542223456	63.953343805849755	30.468255380900295	104.82145467350868	3.4321652069685773	1.9611294700220472	1.4589770746684245	3.9699578648921934	1.7142318292361047	6.825348108296227	5.740330710539087	1.9310727831912633	13.198856735206155	16261.04943525418	4214.335379524304	28934.14556298529	124378.86727836635	82541.91875347208	130780.75589584281	73.2557431329992	21.34501177461964	310.1333346070926	182.49486983662436	26.26492420126387	0.23851687757347667	0.5688717358932754	0.36694078225235144	0.4083545963206124	8846.849315556246	210.74657750670158	142.40829639446952	205.85245515476956	0.09700704490842577
11	23.721472548361497	61.79661209098693	29.620371376714292	101.17657467325778	3.4979228079772624	1.8312380384447238	1.247449679244537	4.143900867235908	1.7712173505236082	7.1825649435245955	4.053859832199646	1.8285890635959021	7.131113701408066	14184.317505906422	3426.629807252788	25913.939384885678	146861.5499121343	100902.47520955453	145258.62536789055	79.2236945036829	18.16102989818693	349.8884988433259	114.17278033972495	24.677418962290133	0.21064344764978352	0.647059375137525	0.3514505599345927	0.38657776241330705	8974.814037545299	174.5354624907185	120.31500162918651	163.0260755499061	0.07211122678387476
12	24.172988035947785	64.30376553889796	30.925685172616422	105.11162809021845	3.5163306765774225	2.1253249961926004	1.4607025352881584	4.164105909504965	1.7711801610199445	7.355530870107299	4.910144971547596	1.8801502126674763	9.914542865674491	13884.178178955022	3421.3092759594924	25366.17673126821	109708.61746145268	70411.9651928255	119167.3684842531	81.309851761499	24.310187802289768	358.84011022858755	176.91458714069714	21.995272668604965	0.24548937897066325	0.5310629665936916	0.36790846922190035	0.40769917122035604	9460.801211805401	240.2988223678091	160.84809962751484	236.50064422504093	0.10114313432001008
13	22.523498184999674	67.18573776573666	31.69681264866634	109.7752805372055	3.390571482941869	1.8963275367461432	1.4856407848562472	3.829543316300727	1.7022431591370777	6.5357920469446	4.099052714353114	1.7897266010649209	7.541796488350882	16587.57454313353	3726.4940972427416	30430.244478884524	145998.8074103804	101356.76465821557	145866.3941648195	66.6470225193842	20.44982927408817	265.7626570721774	151.8481792731091	20.96549173885639	0.22699190261609892	0.5417247745043546	0.3732841757252313	0.4042896097226113	8777.364502661372	213.17016492566157	150.29957829263017	191.84671749109026	0.08391444458266543
14	23.268629821647192	67.24287765921959	30.95723361627404	111.84043271280922	3.4911532169677324	1.9540078336158249	1.4014064657545384	3.8336942227573543	1.7058542777806758	6.4983004306621295	4.866358524127071	1.8567353593558802	10.824966089671241	15508.695475844252	3689.0210893929325	28084.24552288935	136122.26099691447	93574.42852086057	138059.65094781507	77.54776082642067	22.61117751291584	313.4339643719132	189.25895884376965	24.614191563495336	0.23292237768924826	0.58682456481908	0.3695021972650244	0.40374240783380994	8782.728243913862	191.47862191005825	130.86001448364934	185.54849581137393	0.09388535575905617
15	23.15564686072969	67.42468689945565	31.285761688998107	112.7091147383649	3.4920630730480204	2.034372252165949	1.4305164555092216	3.7516022837035603	1.6530390941506343	6.388365783153655	4.998031065090757	1.8414662242826696	10.89420939383609	15931.710114411171	4113.497756263651	28132.244787886262	120496.19507380194	79038.70080399347	129097.34936081295	76.4963369411596	23.00063489053838	301.17573474703437	174.71980500050296	22.807573996018327	0.2386432687616427	0.5536630387179737	0.36989566967669046	0.40510225413797524	8705.009495744252	212.3253845882656	139.44517350477778	214.62492005818586	0.09897583119114477
16	22.988296315214672	63.24609341533288	29.213143812487733	106.06178424331942	3.4757978439712995	1.8695221160727031	1.251352007832253	3.800869758452521	1.7067945322130007	6.302718341064247	4.152467075718167	1.8383137248453043	7.392500325578805	15917.603983384777	3894.3825668834024	28536.408339122143	145404.745361966	98637.05908641327	148745.18284808233	74.02091302501408	18.99647275180991	292.8072481202984	130.1643060214412	19.02263918282219	0.20553481855474076	0.6056313542972828	0.3592758538222004	0.3938004675003587	8608.721527158033	169.5289201150058	116.33244938127784	161.5183551891239	0.0764237260435601
17	22.680009601230058	62.19311175967183	27.70172008822434	104.43350120599617	3.4798241169105646	1.603176281494499	1.3566436684332888	3.6808185382431726	1.7041377598273706	5.849122544891979	4.378857262781013	1.7041631535200235	8.789272331798218	16230.143316933896	3618.929047005242	29363.08277049669	175106.0548949919	128099.40416071887	159224.17161197058	74.94142018275042	14.164233946094448	277.1775575988466	95.82353432376306	19.572408990249635	0.16933446385862863	0.5733671705230745	0.3308771558948919	0.36070819084861594	8286.44361864499	119.28284190869155	85.50922829445071	104.43205421029843	0.04984629816547286
18	21.890412531332235	69.73530590684601	27.636481180798746	124.91648288152552	3.324353853742567	1.4334343899664388	1.2037458798570828	3.813118040445628	1.7465200576593611	6.146842699120062	3.2183792346953277	1.7738061600992123	4.685897481079507	19694.527354289665	5906.211514745148	31887.44854448775	201923.17220431718	146335.37278126008	192399.4007446153	61.4227736255796	10.89442468815872	234.16827933451228	63.211771882680765	14.538250704731265	0.1530923584716383	0.6071604970156812	0.3636737770340925	0.3760785560128339	7984.235559340342	91.52825270779296	69.30136065842593	66.54945099563307	0.030112012527309058
19	23.99240422570683	68.97318875264472	31.88905972012879	116.58729406134115	3.4998628074463602	2.271960784134784	1.5571180721356623	3.8226833919756427	1.6501957996689076	6.663297465477411	6.04469703794042	2.0150903249485372	14.03745108070759	15419.016666374928	4045.067036105994	27369.58292597614	90411.96241893937	55868.713894481734	102138.34444327386	77.56952264723584	29.817649694174712	312.2254738967553	270.0633549707114	24.731569543618182	0.28251482771396624	0.5165436110343612	0.3917152090613027	0.43546830419179416	8911.006044639398	264.264351144215	168.17058584296532	282.65710634496	0.1378276332296075
20	23.907224948478824	69.30355515397665	31.65286718194207	118.45583508262528	3.4842446233738986	2.2453400187585	1.5258127677395836	3.795742600591539	1.6391845422638776	6.655397009087026	5.980633888839465	1.9997417375052362	14.094135521940851	15903.07879663052	4168.168097318979	28030.214448304912	92039.8274652251	57154.42415063271	103511.01905889346	76.43428132406463	29.33993815957413	304.99584965211676	256.4104770504041	23.621550021442005	0.28368761413609855	0.519734474351243	0.39073906116539475	0.4384283372952587	8931.785318054674	263.70587619230093	165.7985643421939	285.2159104633112	0.1378012280701831
21	22.08727600984042	63.5803234846468	31.54257739426542	99.03889180456565	3.429666082785647	1.792626652948111	1.2450305208621681	3.588056610234614	1.6686239790324937	5.741912172723281	3.9848168584821875	1.8358808273628375	7.228151440539084	17946.10997471045	4382.025727087	31782.23654039133	166213.0503533323	121514.80073093226	155876.25134263444	67.00289678920876	19.11671893052287	249.7105926752717	135.00083142283182	18.086895391217265	0.2339292055694674	0.6095655629271424	0.3602426561237374	0.3787908113406959	9032.994326452159	188.32912068043262	132.9916825878237	171.80454466207397	0.08133773517696105
22	23.86419329594728	61.24375245158822	29.936411850414075	98.43373218944475	3.485181250936279	1.8856465424812818	1.2018115233177569	4.134902043800543	1.7912013638947797	7.003491741847982	4.656775620032108	1.881216854635192	9.404811136134006	14492.976830163223	3488.5080069946157	26643.793610645633	138658.810291298	94914.10044712176	139596.47138870403	75.54122478223151	19.869929577320654	331.92859712686925	149.98822935598002	17.786768498442264	0.21947789104422022	0.6122211944067226	0.3693573211376168	0.40739184284970037	9675.017404728927	194.27874059644407	132.88546712487835	184.31841657522935	0.08434669831077359
23	22.514266596677185	57.491197521774076	26.280358492231883	94.82280793585402	3.505046234939018	1.4635899613565575	1.2102025068476536	3.828824624833912	1.7474039873115588	6.200947554071306	2.486133425013451	1.654483252271887	2.2777490229603092	15298.098105495972	3345.0335369902873	28568.177535270723	199005.92313494408	139373.8531857908	189164.99393985237	74.27373144047303	9.550415098756533	292.1788636108932	28.701288148259444	16.31809156394867	0.13527532597252923	0.6218425809255292	0.30696180656389954	0.3287682692280396	7790.765644205014	64.92732946166501	48.633904211385094	47.27580081290915	0.016848201651806394
24	23.344075754513373	60.865240354732926	28.1455815257396	100.649905090075	3.553228067150985	1.6932890121035196	1.516481190089501	3.8823794469883146	1.744512361102883	6.406426640819173	3.0870210590548477	1.8649101849546337	4.002710519087969	14569.922083509251	3158.8066630733565	27075.062789480227	190940.01150764225	141231.74621444813	164841.52478772867	83.3614784767308	14.910323237666747	337.32710505824224	66.80938997796949	22.793070162599925	0.17327186974839714	0.5423831523095993	0.3066685792105496	0.3353547892506111	7827.96965939304	110.46117866858195	83.48337158849526	86.6903362611285	0.04299070185449128
25	23.781188401515397	67.95268241809488	26.805571125408083	124.25647836422856	3.5527269783847526	1.6348607424038502	1.5333852689452132	4.161090490335701	1.7871594711239174	7.2632627043320035	3.3748968281698475	1.6980282101063822	5.117496053982168	13545.060171060535	2920.4426877166748	25813.385441853286	178880.60809071577	129189.09128263178	166477.73866699528	84.03340389261551	14.139723998604548	360.4626251502726	78.12008708874363	23.053268262606213	0.17019237137323623	0.5097920844135259	0.3134551606539055	0.35625538318732564	7761.2604597991185	118.29078696920135	86.05116875709683	101.30555320489245	0.04232612457954462
26	23.084130540569888	68.90313291260831	30.094553197855976	118.99015535706775	3.472836873651573	1.9717615765940084	1.5114270273063883	3.835903321002693	1.6636679866744981	6.620612718708065	4.1547926922980105	1.78407879436168	7.642786874352267	15966.276724582593	4000.962814902665	28619.867064663595	135937.76720842728	92266.76791617235	138135.1394882033	76.27752915112073	20.641641553649787	304.2837863443777	130.30187394687235	20.552258615261206	0.231373734177253	0.5085048091277302	0.36366648870165263	0.39613378580651043	8360.346399897004	205.2715156431112	142.77898625602174	191.93582611421647	0.08144999006633612
27	22.07863735647518	61.20728465978957	29.485681516803982	96.20595143618166	3.5460567459246755	1.7357987329392677	1.3929843304750258	3.4639009663210647	1.687400423560777	5.149524436168281	2.97693280248246	1.6860551572472187	3.7976156435434714	17052.08725975516	4039.7500928800323	31058.79174442906	176995.8152222542	129517.88712680814	161372.9396447657	73.10597507336479	14.898085340335458	258.3613321988287	63.9754237830479	17.619575694938945	0.16221229736029902	0.5584045820526455	0.32945026818795875	0.3537542112208278	8052.636226846368	141.32444904359906	103.45588269569068	114.64090831372695	0.04202257854378014
28	22.85748701216635	71.4380156416073	32.21608956632021	120.55666471203374	3.4399258768347325	2.041454204207722	1.4034762983832123	3.6900762178842688	1.6406596236235795	6.287928390853448	4.949455119648437	1.9493620005942167	10.238901788556241	16678.24815529146	4107.111631097556	29711.000338208803	129647.75410900358	88934.06318441921	130331.91267448565	71.09617959436	25.77354679950113	272.1494468517206	221.70162485600977	22.170495522566643	0.25058732374256293	0.5624064765862788	0.37336733622532475	0.40698158396088857	8769.822731986167	210.3482124287769	136.6160064644501	219.73693246314824	0.10659209426410571
29	22.614352593457284	64.88251249441322	30.538989680499657	106.17268610575209	3.472902555246897	1.7865423932885351	1.4836067251707712	3.791561509269369	1.6936920316551456	6.348828251041077	3.845850840135973	1.8180122233783471	6.501221907125887	15543.561850437174	3600.7515470411886	28453.54342457032	164441.08800095163	117101.36916587471	153147.15357126328	73.48656263333272	18.36905835393341	280.47998251558613	126.3521588341753	24.131354760992593	0.19923193281387724	0.5452472469419519	0.33941948836434055	0.3710635998291175	8463.871514410448	148.29343261290376	97.58618050002443	148.5607390083233	0.0712239455665893
30	22.148906154001697	66.48477336687267	28.921284694020663	112.5854717193234	3.3468894956378317	1.6775905120479777	1.1440702913359648	3.689118203139806	1.6550830468494202	6.1387366443710105	3.517338603833033	1.801548519525548	5.434392422834211	17532.3799729659	4001.510296699773	31835.255077765138	176678.75986957614	127786.25934744492	163034.90883859346	64.50539910162308	15.401674021746189	235.59160714688466	87.83195492649156	15.587185968077687	0.19869739927245272	0.6487590828782447	0.3740943236357772	0.389264710339174	8762.534681114974	138.23859997719737	93.53055730539808	134.65488290845764	0.05594690073950062
31	22.519528399411687	61.50430732989606	28.41316362567526	101.30458529908668	3.492455276716714	1.5981499424137366	1.2169263421425616	3.7348806942540906	1.7128682108400914	5.908618077185073	3.3897625566004703	1.8432001983389117	4.345386229481698	16464.12777378923	3732.2159705119584	30106.82929327294	175619.35838457063	124585.70439519027	169354.58907144715	76.23830773318845	13.36722515598529	294.3405046397943	62.50554340729722	17.79943911926405	0.17121174239560363	0.6378824549928003	0.3258305471698113	0.36517389898105834	7980.920401029151	96.80789534592496	66.02063593995025	88.08647190498124	0.03862055466052199
32	21.525502109231653	70.85162635149747	32.97617278389447	115.89007743203986	3.392822273266975	1.9659913839436018	1.150497156471534	3.6531768575506636	1.664868108165968	6.13094939748219	3.166021985073357	1.6978067472423863	4.492496062100011	17335.96223298638	4035.8125147145593	31393.82980095637	145337.85691668346	96101.02315121399	152178.87758724962	67.34411926019311	18.483545500488837	248.7420896456814	84.23125626139222	16.771292838580887	0.2193509602207701	0.6483330753317804	0.3746967325931842	0.3942218889294883	8987.137767430904	194.86613288665149	143.7321682536491	157.77131858594544	0.058607154787092906
33	23.244488795562887	72.34096455566585	33.57759913859568	121.16258465829986	3.4858621755216816	2.2030367179727244	1.2358387019488848	3.788800949513654	1.6476504551860658	6.62796422041965	4.898960815191702	1.84953710284625	9.81641238923042	15673.157152524205	3891.646801728382	28065.228703203582	106320.69641170111	67411.57616659872	117085.06225757979	75.96709278620499	26.595344207398274	301.73972223481667	170.44308042728161	19.045943302760488	0.27210635769827685	0.6007631068952268	0.3699200200595688	0.4075267467694357	9373.487695059173	259.95376222655403	173.4064660649492	255.52429657376163	0.1103751028093307
34	22.210759917584696	69.52872703494418	31.36652278901972	117.6980391404161	3.4298399865124636	1.869368345628028	1.1648958269047451	3.6908299614659956	1.6482498599454074	6.048835873606901	4.085485603399257	1.7989999635200293	7.22081218244018	17150.623109255757	4159.972319517804	30752.567569504652	144357.89316595515	97581.0665485028	152178.61201385086	68.52063173235089	19.30855997491249	262.9469953982974	133.75145007883356	19.167293818214294	0.2336424202171886	0.6576143583481645	0.36453574894146634	0.39109756059034256	8709.027833120565	195.38284580808474	132.77542786428265	190.5097249774433	0.08015779789391529
35	21.822220236015525	71.44637467733617	33.38248050252766	116.83697884217911	3.426977227591148	1.977781345506898	1.1928480278554445	3.6943765862480284	1.6718458558299538	6.209348580368249	3.3324695369878983	1.7238863603464385	4.939493344228504	16514.992479006058	3764.4294760749617	30659.83394496917	144692.47235284097	96780.35339534373	148458.07971641448	70.58808971004463	18.988383932381698	271.7592740315918	94.79280164383458	16.050264662042416	0.22190342639461258	0.6261199934529671	0.3688546069055766	0.39358058910462995	8896.610258540019	213.1695547007457	157.50623154294857	172.73444033876933	0.05995095873620305
36	23.488653395730175	67.75121896290287	32.4739581222263	110.32576316090604	3.496598876303166	1.9984569359050224	1.0546942307994296	3.9469027434402357	1.730880939003308	6.99045758746692	4.018669703161676	1.7367128414683923	7.3168895245250996	14925.223949366115	3822.4575992802943	26793.2361605431	131343.77230095753	84961.2684653377	141937.37648069693	79.31390705273597	20.24206306510263	321.81742297550096	126.76295352629073	15.851589871872639	0.2276954341398519	0.6741911869336404	0.36524152953994576	0.4082769769855318	9920.305298641357	202.88570342513464	147.10923731226734	178.2728845345824	0.07483862295495229
37	21.6932031741874	71.31756201388744	31.945746647043084	117.92284038734125	3.360009050450841	1.589871603961576	0.9812927150514975	3.7809461871603953	1.7335741910963967	6.0876849437486555	3.5274841937871506	1.8468919506983092	4.751697282880524	17251.224682646578	3926.4911423373237	31900.768529529836	169432.25523466733	116880.23080898165	169369.8564961423	62.24718545931289	12.067235778644804	238.91068128982752	50.35733002650871	12.030012224539291	0.16934486232189508	0.694996800474357	0.39186698728269015	0.40016481535137133	9791.01687924447	150.46396025914964	120.72287445062271	99.66397079902316	0.02953501330298539
38	22.408482250776636	66.79540219738527	30.86042312419116	110.86051047945638	3.4507667640367385	1.856068161415088	1.030979791238089	3.9076961491433218	1.7343009050275244	6.5601951134588115	3.192873147880168	1.6972630277659888	4.342322765377027	15676.443767700272	3801.814266038421	28567.400645919883	156668.22745133904	108329.5558271884	155084.4709285466	71.27607960210692	16.977756584616177	291.6815877074941	74.51057167682653	13.802674883491333	0.18411982312195294	0.6569940240620056	0.36476817592418065	0.37821046053950313	9785.379187966135	160.00070592750265	116.89109654627526	134.34065440061084	0.0508115609490333
39	22.83005910765438	65.14449239031829	30.528529171299407	107.7616950775778	3.4654250221064973	1.9018707651396676	1.1117476867242697	3.868249787360669	1.704380443930868	6.651009308601259	3.561296854475531	1.7227185455678369	5.565819266743362	15037.323819449226	3557.34028115256	27463.709487199303	146293.5508394935	98754.22249511562	150155.7729386442	73.139558392158	17.958619231157993	291.81408193603727	88.41954558321291	14.317163502217637	0.20396694958082295	0.6303051939553197	0.35657122900257987	0.3821891907223761	9592.95819177517	205.32633777163008	150.35868498060606	171.67138220470517	0.05671346120304825
40	22.953344005939805	68.03588837393477	28.895849071567504	116.68078466951431	3.508386025131699	1.758549784603006	1.364380518583428	3.871069396145379	1.7351983254566734	6.449063741111666	3.572075595076988	1.6996455192407085	5.958419859397044	15690.125603953005	3532.1409306967907	28473.855562754987	166645.1996163138	119786.58308562047	157324.33319690314	81.39095440291737	16.847353306013154	331.9406417262888	96.05929513082847	21.67482661803414	0.19247399397097345	0.582960201319671	0.35060347313195817	0.36662920843889313	7665.560719386183	141.84866480749778	101.89917497294375	127.48721327364467	0.05525320518692421
41	22.787436010624806	55.31522842197778	27.223614728050574	85.09996627991761	3.486353835132984	1.7069504358093206	1.1364118651955069	3.9259379992622514	1.832685416853153	6.199567767553251	2.954139438714703	1.619347013828944	3.7569604382451436	15045.873429554658	3217.335248075721	28551.756979172445	180587.9536163312	124859.66119254672	178940.64151965093	72.36313960291352	13.193840291081095	290.5617251041087	50.94445250122956	14.485526929146548	0.13071056989722507	0.6364244412273568	0.32153190546303906	0.34255138571161386	6947.406743790623	83.52593293985424	61.88929226715199	66.67790352476459	0.025459693863288155
42	23.849514600504325	71.04522488578255	29.959190524785317	126.37632884213708	3.5272394291833513	1.9815229744618568	1.4377798209252677	3.9725470202745417	1.7315718917818053	6.900756158313332	4.7635708529061365	1.8471230417346052	9.460387976563464	14375.966036253112	3448.463335402418	26200.87509586658	129969.63916739146	87745.34246482275	132133.20852623685	80.97030064881936	21.312919992977857	337.1771322394455	159.1457596624949	19.391238585628503	0.2485880153013324	0.5281688073089116	0.3655661080407032	0.3943544946698688	7542.243224288091	198.54025767808363	134.06064623619017	194.84004688788133	0.09437551219049245
43	23.044307937873846	62.717236749716406	27.017297328517753	108.11010948692494	3.4558730948522394	1.5995054161959454	1.1123679338929688	3.996165262165763	1.8007234299623742	6.513714662546832	3.235596096877592	1.7194398643824804	4.55097733153726	16077.254779974177	4176.984772119302	28234.315641629724	182919.49754192415	128969.19013020651	176122.74251851178	74.88007640685872	13.379703188786385	302.0256934973517	63.70403169821738	15.527313251363491	0.15702907008274639	0.6585957617327227	0.3391347122793566	0.3501779031316649	7590.027903621195	116.69455128976632	87.19590830601497	90.7344402625644	0.038832298688463315
44	23.477116801224764	67.5666277879084	29.43073042150455	118.4357984400081	3.5020390974329545	1.906263201124742	1.120316278976759	3.7767495694935254	1.6756248281763375	6.420163453730425	5.064430086027196	1.8426309039521984	11.492836857873922	15444.403294159552	3774.87183622889	27618.79720025224	138430.21408647552	93916.91294606133	141660.02562948596	79.276499025184	19.85983645838245	310.40247138956994	180.45058287570512	17.469835781135274	0.2160694800061204	0.639147903820037	0.36384463329615074	0.39783191161638176	8709.726462132518	176.23204891452508	121.53605972978401	170.83588694433982	0.08059521310916411
45	23.189148029351195	67.14392159804282	28.751683224794593	115.29692300465277	3.562271487056178	1.8269913177078183	1.1139845182176207	3.731072373337993	1.6911794379104248	6.2276132249960225	4.407814612704888	1.8440062956118484	7.685324278836272	14999.467530928021	3490.1905299412906	27351.35207457858	156363.46524832866	110363.00010990274	149583.3750889058	86.01901421134087	18.4015205379773	324.5394913125212	109.52166966866378	19.245765138657102	0.1877212833512026	0.6711989654166016	0.34117773447974203	0.3639134618849701	8257.712019472487	126.59288137155052	86.85256216855282	121.3154701262377	0.061528753379631235
46	23.374085694525963	58.52186922319704	26.229480631722957	100.04456922498171	3.5326602073762414	1.6447097518955691	1.163600006984973	3.9003444845033908	1.7537769324692112	6.403254891370392	3.2423240557812303	1.6924764799007146	4.723778083586964	14800.171471329617	3512.9166899480915	26872.648811712126	181537.17712302477	128839.84030941458	175403.6122812418	76.64224372446643	14.243284288577684	308.60858847679407	75.30675266160881	17.84750841636362	0.1694420592550553	0.6516469840715305	0.34645707434904627	0.368543790656635	8084.589580084167	121.63452179704181	86.42233296849368	110.43992997842312	0.043124437009884525
47	23.131349119230567	58.44416443771891	28.63548186749423	92.9992449902187	3.583265291523767	1.718017682935692	1.2410127037764507	3.8005057080890783	1.7238424500352976	6.217854397971621	3.574764845856149	1.653376425585541	6.565551864104018	14463.188780650475	3520.548702637364	26488.606633393403	172158.92435483917	118609.99100059648	173203.23399276158	81.55618914684403	14.789874884885993	322.67463629397366	88.59189943059387	15.548187798297567	0.16603178012372496	0.5700013683252181	0.32790834505584926	0.3560130785195366	7121.143661794535	115.75334114908884	79.86891277950005	108.40034091069853	0.04464426204588086
48	23.05529804181452	59.001755408207245	28.260848278955457	93.41756262744327	3.493060824470516	1.687339366058864	1.102454355582834	3.9192142782516415	1.824465922443002	6.275645010371481	3.1399626917105277	1.6821805809774293	4.625252649657999	14710.270986036374	3113.316537817033	28121.416248465965	188841.20858940296	133047.4142474073	186052.5253000776	72.60010710442761	14.635300298600763	296.13359642628575	87.46321888575285	11.991666257995638	0.15530059741158547	0.6265432199119461	0.32859438001104263	0.3403970772499345	6986.25998330271	107.31357828265888	74.90064931925896	93.2367902673734	0.041207671335769386
49	22.269515323500446	64.87085315932468	30.20753470090346	107.31761407988573	3.447447779928299	1.8953903909768877	1.0713368940423065	3.6408754397108654	1.6574067995707642	5.984469810685047	3.925260046497809	1.7827776082932345	6.785150525707307	17222.235570170695	4153.959555248006	31383.132584257546	151703.0314459706	103747.40613579292	153699.59395661566	68.04443983142598	20.463389751435685	256.7573474841397	140.32750445156898	12.086266006988643	0.22167123047025716	0.6342472898804551	0.3705466692950699	0.3947145961456981	7285.05508659211	165.96090779562732	112.85216807516488	159.244388288092	0.07031933962531939
50	22.80579472448644	54.02122385104341	27.884454965928605	80.14623529345923	3.5488973307043588	1.6058824058959584	1.0791477589755962	3.8387466512506676	1.7955623487670138	6.09884841758796	2.76635884251196	1.5836052795927662	3.3275236763454243	14607.809966546254	3049.469036871456	28296.428334981112	196714.56073412183	138488.21302265726	192725.02115004903	75.62523677538334	11.502790733351937	303.0389771004846	47.28737849241812	13.215973407625533	0.12570406008169296	0.6550484352385779	0.31433589600320416	0.33499158706872106	7273.234921736305	66.83452081726682	49.35235175985231	51.97702933231811	0.02368182823022963
51	22.34923258937032	61.25915715290116	29.016813684122276	99.40682236563245	3.572715092777353	1.801115307617051	1.3861491232872076	3.5526271574076715	1.6821751298071543	5.5747818391402495	3.026072846792617	1.664402632247704	4.162847824269881	16271.593514568332	3490.8555770020575	30546.490106889203	163560.16239843596	115420.14185029082	158516.2996860241	82.73191140525114	16.46026267699217	306.072728215771	63.821899618600746	18.6570269944962	0.19905891291005193	0.5709462402642566	0.3306965727915701	0.3579604246471746	8316.75495411513	184.21497223820583	136.4964900337574	146.67452930958976	0.05203992312560073
52	22.89621962449398	66.05211171841373	30.688094900354738	109.36236937216795	3.580891518578713	2.0265954840558624	1.0836822813577494	3.6488003366264277	1.6474111452836568	5.9615006543109255	3.6614475797104897	1.7187467720251854	5.864068382311895	16138.698265217836	4169.335538879813	28727.6919946843	133880.58285844116	88389.59293854516	141809.9822630136	87.7907272419054	20.925336338049966	343.25954759673215	109.95106806070044	18.939681930715327	0.20809134258003728	0.6892654018253744	0.3422243112098087	0.37351172415909006	8843.169689162383	184.5757971851828	128.29264762776054	164.90350741550887	0.05803823412449747
53	22.542011018284157	70.75006547604282	32.2829372794358	118.44697168199694	3.450392918512343	1.9970550409259793	1.2302082958499088	3.7821003718726027	1.6783063664875564	6.5230407302856035	3.8134058673917908	1.75254026485702	6.417662208712609	16139.138475045775	3846.6616244451543	29421.936087452246	136999.13414161268	90479.93852405639	141857.14692047756	72.57774264981738	20.583680556010414	286.918498711205	109.04713490529203	19.03288602753687	0.2258694451668468	0.6278196612138176	0.3696107052213724	0.3976105006405194	8980.757538971626	213.12976478548737	149.26557114746987	192.16323306666243	0.07515206124855403
54	23.53553363891464	65.62261499239965	30.82312473380408	108.71373071430409	3.578325231256149	1.951438349371016	1.5369292795719574	3.9226083342016285	1.707633639211482	6.798521658465163	3.918288127733769	1.772591549615958	6.646831035346505	13756.516368562652	3378.108084354042	25179.955477688276	139252.8383096405	92925.9963109987	145351.39213091478	85.25557970510458	19.23035196067354	352.04773851785103	112.67039796082669	21.657297113319473	0.20604383652230898	0.49896201176814725	0.35690740742609744	0.38377375758250004	8677.599616978585	186.90756952957665	131.39937931084674	169.3155687275537	0.06925460406646551
55	22.198605834211754	62.991712798565324	30.233520324044544	102.12723704239733	3.506372359978295	1.7439171591755682	1.3305491362977377	3.640680759288802	1.6951239504649847	5.74729296136188	3.511722055538385	1.685919361027492	5.651851725620806	15811.739016368834	3536.4470421433916	29176.374190787355	163449.66112013656	114907.55404057988	156857.80575317628	70.13500519072507	15.64604094687239	261.8813529918903	87.05590967645935	17.624081066673313	0.1739143724663014	0.590123963708979	0.3435294536841841	0.3742562112356371	8796.004137877466	155.5616257988353	109.20604306598875	138.3542974853429	0.05529726901972603
56	23.145122594644146	61.25121195527473	28.99001537565467	100.8897880179945	3.613451409258436	1.8040519965763469	1.2437291978940193	3.8964111727367245	1.7432684547858268	6.567282851934155	3.4572715290354052	1.7510698073875615	5.528696386740806	14114.466888123101	3317.018823158684	26283.795011132068	160104.6623314865	109399.87755087182	163488.1612499887	86.2365505667169	16.93076733982849	353.4571836337283	92.79391526321848	15.784563050166685	0.17057963950756203	0.5872148960077974	0.3535599761203599	0.3756713913769195	9510.577132450522	152.52589858498732	111.600376376726	126.76629972476162	0.04536344868038307
57	22.384530375280313	61.39676316932826	28.955182671414857	99.14260805975186	3.497492354855731	1.5522393658655727	1.2123315364695317	3.772075749374961	1.7403855377040431	5.9787137581794445	2.8256228109004793	1.740798710297212	3.1728991982126304	15772.70867450588	3536.86330995586	29388.143539575158	196881.3263095985	144553.87197697847	183759.60475487416	74.29335554946813	12.124320035811195	290.8767487670754	44.87801089348287	15.064731639091672	0.13439232000150658	0.6087102227921879	0.3502901757010398	0.3612097402911176	9275.549496591919	90.89097531674925	67.63357484021525	74.8232371541431	0.025569918886905806
58	22.689055944935767	63.15549411398457	28.921917481191784	104.28734540263356	3.515221852625891	1.6832802007109324	1.0196080625367165	3.966612134743313	1.7861659103011722	6.523177810955674	3.1285016947340596	1.711833838131776	4.178973552606641	14653.484280167057	3108.1508470810863	27836.580565179996	173155.64639691348	120386.06910089427	170259.50140439984	77.34051709552243	13.924622960542052	320.4247955211372	63.238155820535496	15.285156542458573	0.151599218335949	0.6862049998067923	0.3696462697331703	0.3805128226904545	9374.775825706622	109.44921957890085	80.12755453097266	90.5887652939289	0.03703900525266659
59	23.0412082283874	63.65986996657085	29.422229161812798	104.521050039849	3.516355762433313	1.7559752200397354	1.2405619441508708	3.803160116748995	1.7100547971577365	6.314367147814217	4.155560207825314	2.0125309819310697	6.052901939752226	15359.804752171702	3576.8858690838983	28264.23543808433	165910.78101214516	114847.64053942087	164818.5239372761	75.37134265429314	15.478493093859758	297.96175785357735	81.33201265606954	14.86493476255369	0.17718421545464655	0.572291599980324	0.3554901779238683	0.3743630132719701	8869.578362085662	143.66983641402086	105.24959333644419	121.47993524738217	0.047243378076347674
60	22.658190135830502	54.778536643909774	26.176254911162356	87.2206335050116	3.546645936047607	1.527037533488912	1.3875899016145212	3.9543978426318205	1.8538274764610483	6.264466788232899	2.444072033627538	1.5803063754260303	2.3936303892958737	14703.162953450023	2934.653716668441	28796.071999517968	203848.92750515416	144051.78300155565	201260.82753866463	79.3163837720001	10.975382518346839	335.224580051042	32.99678711783547	16.430843279733526	0.10249489488882041	0.564315970113152	0.3189175442351094	0.33665871700381456	7646.7345301471505	59.11972365475105	44.04316388022774	39.7176876312652	0.01283661790588481
61	22.610997718715684	54.06856707994279	26.519970111220903	86.11958409736475	3.5183845898451263	1.3202050393443459	1.0919101543797947	3.8699066938769127	1.803172625538864	6.114436372606107	2.6451048823073364	1.7685370487282621	2.553196294230384	15067.827768340707	3462.943777624106	28140.72272401142	221099.46673007472	166273.99059926163	199589.67754257316	73.40129199381634	8.732322294524426	292.89578365034214	30.898382010857098	12.72379927530548	0.11671953342140748	0.6457948864216665	0.3381336017096852	0.341234470399035	8690.356825309162	44.610002067848455	34.150376496343846	33.5251927543493	0.014970357751943652
62	23.07873778288662	55.75722178204955	27.50441473329777	88.38292518184655	3.598213540046248	1.6717485904810794	1.2888242072478764	3.7975798080831127	1.7511967688955132	6.072814702794032	2.842588933205868	1.6454504528722287	3.358080732599207	14103.265850920363	3190.3151095972403	26539.76630126458	186804.07485707113	131627.56604919766	183256.17225451587	83.74448910282503	13.393225053236051	334.3340172772564	49.13820939717531	17.79795619399052	0.14755646573705844	0.589733149352311	0.3328237840175977	0.36065631296693573	8663.323985046038	124.38359480118929	94.94484102853443	94.63174686211735	0.025954092850309057
63	22.635319211694913	57.532780446721205	29.282300774773564	88.24811400586286	3.573405319058825	1.5261869080505814	1.3675986914829485	3.7242972625590256	1.752310686003922	5.718932582890747	2.609779049108323	1.66197535460139	2.7825800878477143	14818.601327130918	3249.3206615974877	27966.29656166634	198327.5393564644	143092.09762657547	184911.3148111579	78.1323905432747	11.47329318183889	303.54384377068504	41.07064328733744	19.552491420074155	0.13719979667522844	0.5772031766062302	0.32028397413921533	0.3271791504371358	7942.692866854341	78.77638948316049	57.82864216884956	66.08977516999688	0.02183165035503846
64	22.961047015867912	54.94790560630753	28.141099894258907	84.1246612663093	3.580652247915231	1.6469514576506856	1.2277218853449525	3.834524452346488	1.7322490882698802	6.301221585381697	2.923911389466531	1.7172931446956283	3.4501998885537795	13999.776168705252	3250.5796802589325	26072.814825455953	183728.87711171072	131512.22992335784	177872.7952460239	80.15248400398167	13.57011761514054	314.43752941156805	50.73986456576703	15.321330580133747	0.1412395948963191	0.579496167825035	0.3368923352148642	0.34341793060396475	7984.505121780505	100.52439725904034	73.55741065968863	80.49900589670756	0.028131730953704588
65	22.708741659056116	49.52646163745774	25.592540643265824	73.62667188767976	3.519311464686418	1.4562268978460677	1.106136340673601	3.916052439092316	1.8171119393333386	6.208731649005528	2.3762246873588597	1.5933959608386943	2.065609028342251	14907.048520089109	3116.1409734260023	28533.39878912996	207731.05654463725	147169.02405980544	201294.16743288122	72.90609677942415	8.954346477463481	294.9158449861402	23.89275395939986	12.614336953020475	0.11856423970796433	0.6509370394966429	0.336230652922348	0.34013833245992475	7808.933860995385	51.356579264189236	41.12944939817323	30.89755653518097	0.010607627256938097
66	22.386890256910288	51.64207883639823	26.13269621438287	78.86001352494175	3.55170700279677	1.3529081169708321	1.237301458704176	3.8337934748921945	1.8058903381767237	6.1511606449452145	2.3121995803574484	1.6155065609625203	1.7700011321239064	14087.232355614653	2853.100003533007	27559.806980165376	241225.13433250223	176361.52372814773	216447.28191065564	73.08912934474948	7.613780433466108	285.50714115858176	20.242356031437964	13.328133275829693	0.11626810388657287	0.5980251735764854	0.3212507607889767	0.32930682644892695	7083.80389348202	35.45165893440285	27.977212687651146	22.641639973953364	0.010624547702471992
67	22.757182458294	51.101217194672415	24.731788258815534	81.19525789870008	3.5330208734952895	1.3892868098550166	1.0664335244711367	3.8233282830704662	1.8156191899048515	6.02934630731177	2.656655678945915	1.7554500342012975	2.4776625439713444	15514.188466436291	3740.226276660107	29363.68888813728	209993.69221137636	145646.32419998635	204548.28788992096	73.82598812147754	8.556145322334467	294.23211147595026	27.742540799085244	12.884257694437585	0.12739094958293745	0.6641884067722957	0.3486536463802812	0.36413304079687736	9061.624878911498	63.652028681672206	51.94432388066103	40.760449527715245	0.01487588726416267
68	22.88478311219481	58.19988228335928	29.076076090248154	90.4992377071528	3.4483230801384597	1.780539018264551	1.1293601688414137	3.9607724421899	1.7558771276032237	6.618814475665485	3.9117571119173125	1.7496611221592853	7.377541963798672	15685.646979335728	3889.1140489344907	28554.41287303789	161062.45365235113	112335.876966891	161865.318365603	72.90221536946471	15.971846206296211	296.28020568945976	91.32383401362405	13.554009004089727	0.18976290673946936	0.6063928680918206	0.3601541777026751	0.3738709168520014	7544.8376133286165	142.1958505067264	99.83621123103191	129.3791105459962	0.05165345037973343
69	22.65152534170451	65.20986207032453	29.456393671172297	109.58185820572513	3.46058490416452	1.7238400312754525	0.9504437948977433	3.833480212428364	1.7118331935457578	6.427961428826712	3.3600872121336605	1.788352368117789	4.6946269622893855	15824.85782472134	3749.1527243459122	28833.19824373978	166190.09552205834	115222.77552698198	164503.5904213449	72.42621733506162	14.922780480188873	279.8702155182613	75.60505714827326	12.802276268846454	0.1903992423576748	0.6938168068317933	0.39105398743302844	0.39706313506265367	8807.935312818763	143.66263627843162	109.3473254570518	113.7410771534284	0.03939038316435303
70	23.49497599466618	59.91313109931015	29.03476399466418	96.67034089299379	3.5759346835835073	1.9130353462483811	1.1795424594875654	3.9865511450404894	1.7580596615788164	6.762419826528162	3.4177954338368024	1.6899140267159682	5.2627660453735965	13998.022538137517	3416.624219433135	25934.229975887796	147416.4272565928	98497.38856641685	153840.56079866647	83.79075585491523	17.76576737599806	349.7691110644204	85.08261441522626	15.903944921798413	0.1929038589555331	0.6043700834823587	0.35823065714386887	0.38397830587583026	7040.661870892206	164.54896596930868	117.49322574241044	142.5588327884014	0.053626013880745
71	22.86519685430998	66.19713594860653	31.647045818130415	107.13122548938365	3.554456318204739	1.913521784619815	0.8680391903106992	3.7312658502629663	1.6771000955362896	6.171063057841793	3.6028506306674917	1.6843834989523219	6.116394594874516	15010.19044035074	3528.2585786711434	27799.18952928624	147502.17018854897	101467.9274066281	150887.58380400125	79.00796984693858	19.064933743106156	303.1127126245116	99.65378459077579	12.385216113475524	0.1951193915915931	0.7230576264187594	0.3882555825164083	0.3989492754447848	8791.144721249415	177.93579416462737	127.10488665306077	154.0080172018465	0.05390338934167066
72	22.347220643606732	62.981488239612105	29.46112735702031	102.51393940133335	3.444511096804095	1.6562754084195588	0.848103591961263	3.699298242023354	1.6835138571407964	5.986046167118403	3.1646567621502317	1.6859459878792007	4.368318546174647	16831.48448766562	3969.3639661659226	30595.604585791883	179875.66303414892	127534.33242629904	170952.0111313421	67.78183353488168	13.609667398404138	257.34853768955725	61.74376097841985	10.58368446413592	0.17829924322567725	0.7234417892718933	0.4009584938106752	0.39029887322436535	8972.497885141835	135.9477665876943	102.16054282159155	107.3202994946261	0.035635741313668035
73	24.278355837826947	68.25313995071168	30.93286760118967	116.83148745412315	3.439793488816849	2.1907151602166888	1.3903399745694367	3.968249614000516	1.6942464978118135	6.945467318775096	6.877204816839493	2.1319002249748027	16.794432412383866	16032.82516092528	4362.587962926038	28004.327108454567	93343.01894431323	59357.098322551356	102822.8066900518	74.05207262933263	28.807249636742103	309.655722063834	300.3680939247696	20.74795647419059	0.2786267195891612	0.5631819806574974	0.389074667713978	0.4260715262209286	7491.103884630589	241.60608361649304	149.54830754469592	269.08785712174466	0.14999646756327428
74	22.39880557627058	57.92482603684349	28.879981066618925	90.43478276810423	3.493485003539735	1.6425108386954708	0.9307538952391814	3.7652291494826122	1.716252515714267	6.090657761815928	3.246443222230063	1.7118232193861578	4.5328262824916115	15565.700800075147	3584.081788438201	28879.54857241393	180620.21999061227	124807.8442118661	178422.62851430496	72.03840878945806	12.965327801885332	277.49119041569554	57.89678832456181	11.297547490443277	0.16077047299223052	0.6970365578978395	0.38697649067797135	0.3828782106924612	8198.514473570833	125.3116780815146	92.08544416669966	104.0181610558505	0.037991884684558934
75	23.606386762304552	57.401921528688455	25.74660244079096	98.86899705245523	3.466761386525438	2.0900873915720597	0.9116985317438362	4.397190269551972	1.9141154144697732	7.8478976826523414	3.0766514894535955	1.6336512743137803	3.8815132935228283	12275.846695309336	1886.3634823716327	27170.20098779871	111106.8616268595	66670.96689052666	143689.19141574597	72.56337567464428	18.33786856446482	334.02214157210614	67.51646241420605	11.758340407525383	0.18766707561558554	0.7230136648271077	0.469229338563117	0.3900716677007735	9243.523514144475	162.68184188057182	135.22047855286692	128.31837669916507	0.03137067978995001
76	22.361774221768826	58.43372534006798	27.413753931068623	96.910697079558	3.447221780190125	1.8595461375011424	1.0018601267461136	3.9716990400565684	1.8113836353273154	6.395617594660207	2.6899349025518204	1.5573340463490866	3.226208618548885	15052.07009539087	3124.5748933938276	29378.55940970245	165032.08840700937	113350.03829435412	162224.7475813964	68.15646893706989	15.801883380580023	281.92988695564327	56.4983485235479	13.316396555627058	0.15652714423256928	0.6894189029789429	0.3533320967362155	0.3645516713010901	9373.883781225595	135.05904592148815	98.23716569743016	109.63551854839508	0.03480029173619961
77	22.829938404698296	55.56074888507367	26.886794095300786	89.37422230759357	3.4752335822958798	1.7354036548621228	0.939013613903072	4.168874822588585	1.976439339643245	6.715794684186727	2.826687309514187	1.6226021952052825	3.360829647739107	13979.914662560013	2645.604117847904	27525.901882001544	172373.56271160606	123976.53235148925	161921.5572615293	70.73101997250052	14.507590831921872	301.9496211899833	50.8282145139429	10.906991278971415	0.17177221991448444	0.6995607728127637	0.35869046487105755	0.35303398695394533	9850.91466468403	120.17154500521912	94.65915800274482	92.01447731669744	0.029702967118933502
78	23.07012167009884	61.1083413858647	28.704926200436674	97.23283282174445	3.4430235375535694	1.5627972400723602	0.9349227244319646	4.230791671949075	1.8821559533074783	7.108908681487703	2.8377871202065896	1.695140582178074	3.20433210291568	14386.674233111155	3122.263642024367	27119.31840816954	194861.00564625274	135161.8503432855	188434.11193266237	75.33385109019837	11.431542713721258	323.97585748220877	41.11737233821016	14.605848814693498	0.1366137716842073	0.7127986439504737	0.34884974252390205	0.3532172804634126	8478.366274729846	94.69678693644951	75.45290607560143	68.238794936884	0.023239761388881237
79	23.080981441843623	63.48160484088025	29.170217092572578	104.02006266464132	3.362780825394343	1.7900211506416441	0.8734264618117273	4.330682303432551	1.88497067115888	7.977866241953739	3.598219441358472	1.9252236294215694	5.524305440533609	14334.781875526598	2808.8389685454886	27891.689967329356	150260.2725541923	108541.80773097315	145186.58149049687	70.60890002975755	18.909380824468247	299.28008321110116	89.47716029338733	11.657269718900535	0.17526373063222964	0.7135451382146609	0.36116786677639917	0.37454124834859276	9850.525871907194	155.92911318509206	109.54830563436444	134.97546562078108	0.053629874892421193
80	22.35116481387834	60.24433652718178	28.476287605672766	98.94741855918464	3.4559452535334203	1.7254883120242581	0.9657531703595557	4.061375211232708	1.8444839462794826	6.699929822458511	2.5138846330296256	1.561450852841281	2.5054098868720356	14546.234115234614	3032.3302416058186	27933.181458164745	186087.40202006922	133284.01037088656	179655.93600866047	71.20474892511649	13.976240264587894	296.1751105136376	41.41765030634827	11.965853850703128	0.11878988486041435	0.7042191930649165	0.34890143508705473	0.357244670798314	9558.803547150814	92.0859128363554	71.42785680048368	65.1081627526306	0.023853421130802112
81	22.546007315330495	59.770698693745224	28.32675099167053	96.91241517570954	3.445845861623709	1.7693456184048322	1.1298808739099448	3.9961050504927282	1.7992554949348287	6.502467270199858	3.1782741671794694	1.6612564674047028	4.670872578530512	15653.290308605678	3553.3825732437917	29196.69874035429	163875.8891188596	112231.08872049356	163460.69595917978	71.94966941429642	15.096948886937605	297.10656976585625	68.38822785982472	14.093879670721394	0.17318857647966934	0.6145752516360146	0.3370797974205696	0.3580786908599852	8498.687008400047	142.19495987227938	111.44102146263413	101.65930301018693	0.03993673248887361
82	22.67975757619974	57.23567659048085	27.78467532728179	92.0275513486381	3.4895307133261233	1.9097199239668796	0.9402912744373731	3.989975256557878	1.8411982021129825	6.7489751906261395	2.676578773664532	1.561287513372018	3.2751618089777095	14796.911840825302	3195.835670803372	28333.77012308901	157222.9343649462	107808.61961788223	156529.8191944524	74.711054219716	15.44574977017342	306.98075308489183	52.35174496070954	9.546862835757784	0.15216472730984604	0.676601639408397	0.3674016445862186	0.3751432223564427	9105.490320115992	131.29738125893758	110.12296818681601	88.57796070877984	0.02624883301818377
83	23.48084398929292	62.93374096074536	29.898361019733116	103.27975339222583	3.5183062104229768	2.129963974169232	1.3677279081424025	4.120649750755534	1.8142062268117907	7.164386992357374	3.5593687076715117	1.6782328382557596	5.905419342040479	13759.20961747537	3175.3333076323797	25764.689911133104	121172.00010860595	78726.93013594495	129039.60984603396	79.17175909167423	22.037983487392506	335.9326839863679	101.596301932778	16.492981717745	0.2234981853810972	0.5439140641957214	0.3704091259488087	0.3982231636928697	9472.142688126603	241.13351983230876	173.6522255074028	207.66362310696115	0.06873752601936725
84	22.058916059959603	64.61772053628246	30.520718573776065	106.4687348207363	3.468549284761977	1.8839769929451555	0.9487676274547994	3.7429748544416253	1.7462280736416549	6.071896565456358	3.048874898320355	1.5943901372310914	4.490554004951355	16148.875047467685	3511.679652579464	29989.843283503873	154958.13862256389	103381.121987284	161314.2280700623	70.20189544863887	16.18967280195217	276.8771466072326	65.15362166291	12.27729243915564	0.17444692150116237	0.7017787844703176	0.36578027629363713	0.3828594135568505	10197.747323628992	157.01936707337444	122.41955460309507	117.46059507311394	0.03952652384336028
85	21.56379795829997	66.28945253783097	30.087006449486005	111.23758429179456	3.4493801967475095	1.8181690820036238	1.0640783074655833	3.6205920124857944	1.7281449298084162	5.540151106272875	3.1098075849665126	1.6039654922574513	4.557381370570129	16946.310181669396	3461.502011303245	31810.87725812588	170881.34385083013	119148.29258814617	171294.0968816696	65.94967043835243	15.425379981740038	248.90725320192388	65.5782193433189	12.587228086301517	0.17031147127616628	0.6523992806794272	0.37523785273292526	0.38262468063961697	10055.4297208186	138.1963724847541	111.17570005420086	88.42721757375662	0.031837806422632106
86	22.948781430605184	59.48267765736644	27.87940797608909	98.06376326229645	3.5080728666796896	1.7374014210400064	1.1130697350456047	4.063550954091201	1.8867883051911376	6.60524861355969	2.7627854464426567	1.6744747531441637	3.0431005496028156	14102.905700436664	2773.843611272896	27095.70216501021	168422.19130722614	116114.87756790355	170465.29272247254	73.71157514739902	13.785297495062883	313.5400931944233	46.943293379066624	13.273440529728065	0.14343669133293926	0.6388041912751029	0.36610294016484524	0.37425281264131355	10029.556951997374	117.88357455719657	96.32751012724661	72.49169809975065	0.026893212114697754
87	22.394359567936466	65.02530718584849	30.653110483893215	105.8664724370088	3.5201641901607883	1.8621027380488795	1.0102869821884466	3.88472720343504	1.7850519832991345	6.285162863697484	2.944837361355385	1.6075882353591746	3.705594242887876	15141.142924079433	3344.5275499594272	28793.51535455026	160191.41720125967	108599.02196245722	164869.46816614404	75.14569945100993	15.849210454692475	307.023660225475	57.23913705966022	13.477919392937645	0.1582612187215278	0.6802191846180583	0.3703721997334667	0.37130382369874676	10054.921516443486	147.7707291056478	115.77198971550897	103.90415645793883	0.03397761315578025
88	23.136107877759585	63.04858071088137	28.59714312585623	108.29850716492041	3.5696467956193225	1.6189468108430738	0.7251276053391289	3.7077411032152168	1.8006097444676754	5.905170082107322	3.2647436052978938	1.5213774500359076	5.43655480013712	13692.152995818398	2841.5812079530515	25506.40856364866	186688.48099185186	134543.41504019898	184428.66571995962	78.90999445567267	13.354971536669527	295.0872912573916	58.212484629801544	9.879992239956334	0.14148362198194517	0.7780112667551742	0.35146199156412844	0.35412416739368385	10112.33190647278	115.68928865016841	80.62163901329072	96.31027029464784	0.019896488925626392
89	22.330083375344238	65.72192736286301	30.840055823245812	108.26025497646215	3.529555131215419	2.0111192744775424	1.0163850163838537	3.7652290802165815	1.7435460672270624	5.986812846776062	3.2457195520058604	1.599087612717245	5.039532716309177	15648.58698898339	3600.6221649834265	29184.023543224706	138954.9538711794	91677.61398001168	147889.9701075906	75.23853770326822	19.446196238192236	294.6751889658159	85.00412960249676	13.257940659096082	0.20130457090430862	0.6609965594943936	0.3515799781252858	0.38300842481403063	10037.38590086394	193.5864298380085	143.77813132033222	159.3983680047195	0.054445947526587074
90	23.562362013292763	60.9500158942563	29.056855760129196	96.02219769079379	3.5498681015965112	1.7612795861631423	1.031401115772534	4.21876842423393	1.8896110665172638	7.165856809052777	2.853444405695893	1.6526077074843128	3.4392112516683158	13038.553281347877	2882.3357911250064	25208.02811329999	178484.79793659705	123069.34980889896	183062.1950762128	80.18422588096682	13.942859165162862	349.5155387794912	51.03896429627076	15.481877309805924	0.13264601512550006	0.6793226648493608	0.3589019885294309	0.3636674170336263	9824.196698013873	106.38949889368297	82.7842146215162	78.3523370346153	0.024851626940317718
91	21.759701830987954	62.63060117851778	28.384943693781064	107.06269647473908	3.4728521708819406	1.8107671252899915	0.8428617230307174	3.7404535777154213	1.7534672971815857	5.844084065726296	2.8385892612026953	1.6376880071990345	3.6255722697520496	16223.084497582095	3527.49287532013	30233.61340317466	173745.3965744518	121759.32924230605	177170.1680337518	70.92458260537755	15.418548348775992	275.07558931797035	54.74025492821211	10.592115597094486	0.15512845947328552	0.7303394895848907	0.3604554976347493	0.37310792549476457	10204.481501109249	122.91485706093997	101.0102423742926	82.31066264898583	0.03187415918851898
92	21.718854399196	69.5952328465202	32.25632269648616	113.43288389091074	3.495057084227631	1.759509980503151	0.92223485118617	3.6311851544621834	1.7164300445775773	5.732105524581656	2.5879165225711684	1.5374421021131286	2.7947251115605174	16102.007957825754	3523.0089394363963	29886.04338859809	175996.80683452985	121528.38637282517	179279.6921731378	69.87317570243776	12.790040032118773	264.5575477743594	38.1277314944486	11.768082896765357	0.1575581256608689	0.7153377306574009	0.37605718161281027	0.3704690199537419	10196.418673951508	122.28231444332408	103.39688349533837	66.7874339637725	0.021398568850006672
93	24.31329605812532	63.34538315460117	32.68658727506914	98.45794915345844	3.5476625638103076	2.092749361178058	0.8819413727754194	4.225913736209518	1.820086921840506	7.525175312829112	3.8423282461773436	1.7927720287375677	5.980288237306338	12746.936792523138	3097.985762297946	23602.775811118212	117431.94736908398	75840.44029015407	126724.52389756867	83.85389400459299	20.92044784103948	368.9407122386432	91.96315758787865	12.76604901109255	0.206602359025017	0.7160738597706442	0.35379657222550254	0.403529721641216	10312.649160555182	248.71888189785176	184.66376593382657	197.70850805653762	0.06229881740787777
94	22.811407662953723	71.14673755471108	34.32762161278867	114.60445262378477	3.419223901915227	2.061604945146254	0.9379475514751474	3.8518644012361873	1.7055223365640448	6.4745650475764185	5.763769130284969	2.686750456018689	9.930266335605307	16413.958353236292	3707.733122188363	30464.307343586264	126124.7086175835	81920.83978682726	132960.4279855775	68.12457843138048	19.974839786043503	271.8643475302894	98.66990349803302	13.211381655921913	0.23718247605519993	0.709051662638533	0.37344729954107847	0.4053770998198135	10269.493581717628	245.1895465024501	182.86196919541908	202.62484910188905	0.064790597364809
95	20.913447006728138	73.77187528818341	34.793252141651024	122.26862876167486	3.453981512362502	2.0924847073701036	0.951748814953673	3.4623251443522904	1.587282703828892	5.837132315482466	3.3271583733003838	1.6067489659836522	5.0141163916278915	17916.965852347923	3985.437546229309	33416.27890957137	125836.21879610719	77298.02041986371	141368.41056059903	68.39041097303303	19.803190492970597	252.43504910989242	80.68294097524402	12.332634140239294	0.20092562843338116	0.7035046312510804	0.39389479857810855	0.3997806887173046	10188.541494464645	209.18197672154153	162.98917358234743	154.54338405535768	0.04606197161477661
96	22.75516447617894	69.99328316158606	33.71527795988606	113.96692148239252	3.53914859194688	2.130921563748899	1.312606829579004	3.7550684443450484	1.6873594699664007	6.38939085185462	3.4692019853211797	1.6435364212075447	5.695804295978018	15324.60676864224	3791.991375495344	27808.93540508911	123985.45048896964	78956.3234676111	135702.696604496	78.43666569970001	21.351812936891626	309.9043491306698	100.28406247581123	15.546952360146292	0.2218229372565528	0.5596848996227793	0.38253184999759454	0.4162356665870156	10247.544566673085	240.16223853764947	183.7825028383333	186.51861748092983	0.06212903227212798
97	22.807997639	63.399813373584024	31.461543868883997	100.9676590286859	3.4656006812341307	1.9219364371591559	0.8793217630150072	3.9113308382301213	1.754203617164597	6.632163230307958	3.4914118972549697	1.7181321618242649	5.817650265722586	15653.286578027362	3783.747566373619	29125.82527747473	140615.8389882819	92826.90617768913	145786.68954284568	72.47063820022713	17.079771559190927	301.1760814499901	79.82572832773394	12.06982019680956	0.18489671916597364	0.7240694851547806	0.3478307902315262	0.3868298260216773	10251.563159662423	183.2101683073769	144.25408333660232	133.44748949762462	0.043322948269496536
98	20.97096493794273	77.35818046842408	35.283706071495885	130.82459373708326	3.352205515728634	2.025899375088918	0.9959370347329649	3.466432916596909	1.5939064522710458	5.726084416645568	3.3167131751367642	1.6246833904761038	4.924940520912478	20235.623233663962	5093.117333884682	35766.56841065067	132899.35720689874	86801.4649122693	144392.75219651588	62.04755161486952	19.27805443467883	225.98168751348692	76.5970618202749	11.930465706601007	0.21081935055156098	0.6875801882865329	0.4033406298055232	0.4230415320030075	10195.908836197232	233.37994240086235	182.3785666978472	172.002774667448	0.047138725596936396
99	21.07578588707241	69.39654521644198	35.78023781444625	108.46313373082492	3.4264994735301637	2.2347297262433026	1.269818421837303	3.3244306879041905	1.5886691162854163	5.024683948088849	3.5023171324486198	1.6858666833486473	5.445262987505995	19270.19355309772	4577.8473775109405	34783.855286308586	123419.61818945775	79722.93327493312	136775.1348579024	64.11843705227045	24.076267066821693	224.17469108488223	111.69521144808888	15.77595020847181	0.2528723928842702	0.6009654790645155	0.3589372575260329	0.40272543582961523	10010.53854461696	278.3292165295129	202.74893678401776	239.43929758061853	0.07800019887839706
100	23.346711850856778	68.70934633960722	33.52254792242499	111.1095222982415	3.5229757246966487	2.182330992996814	1.4360428952993918	3.806099806837325	1.6870121271239564	6.411893364298484	4.470829583643224	1.7675527817069594	8.792613020606876	15373.373856496799	3904.4141432424294	27614.988242038868	108869.928017962	68432.84493358394	122075.49650616429	78.46237847070819	24.419627738414402	316.5619101380757	154.19702868450108	18.088839717474187	0.24585583831256635	0.5285593701870336	0.37331943801959944	0.412035653466884	10265.635460789497	256.1794875955178	176.5233544944605	236.2552560328578	0.09285260140056793
101	24.010163063973295	72.34123735294406	34.454845372640314	117.24022595816743	3.472822191212909	2.1299274319842416	1.1525873557455706	4.370590794615347	1.8744664468390941	7.746618023465285	3.9644602391922534	1.743216048652529	7.017525885518818	13022.78880215062	3064.7842772848003	24730.32510750366	112598.34428397035	70637.63251331319	124806.42514657263	77.03144024486558	23.020779639122825	345.544679218494	116.89080325226033	14.909114168911724	0.22955715170744373	0.6023246397167762	0.36929350856450893	0.4007268210455482	6925.916671100166	250.65601693773888	172.9240578591966	233.95411666380548	0.08052464795387371
102	23.052857771374963	77.85124271990176	36.54869874646563	126.63548706043417	3.4649149147701532	1.92059551908465	1.0312926744190254	4.104569842087571	1.8832842671750372	6.869398988264296	3.6245629785914057	1.693483800327976	6.178514390956893	14278.941721509475	3106.920245524917	27600.00073804072	139133.41460670406	93091.96888995242	149620.61841956485	70.93468119674678	19.56213899948398	297.0646922143476	103.87184113631758	15.851145554370543	0.21953425794093523	0.6783005223060231	0.3471627640426436	0.36387287019452086	8141.682905935744	203.63177421100227	147.40590864135262	175.21325178295564	0.07317286410583329
103	21.26054480041117	80.00670139470756	36.89139312046245	132.35720114022126	3.363146036845787	2.0582012275936	0.9966514272531125	3.899348505445468	1.8498915624281953	6.12888304678151	3.2567470080838063	1.891456198833803	3.9631003540776213	16132.347167976623	3050.61421015927	30871.3313404563	149351.81154960374	98084.47307279812	146139.9589828184	59.081287867488484	20.930406449546826	230.52538003539337	77.25537050290905	12.633540598010661	0.238776225389181	0.6880206720346157	0.39376709552150185	0.3720126029813178	7112.28700705154	210.17567437697485	140.60129296878938	215.69182652380888	0.07886418290391968
104	22.979262988475387	87.92578013776448	41.70009097082527	141.654397252603	3.5028666194100913	2.4563975929692763	1.0423319883649718	3.9121513911037757	1.7422563918585547	6.648653461384349	4.104611839897011	1.7520619033448879	7.545795651923875	13676.08586152956	2771.0656788660876	27101.894123223396	93520.39420648459	60991.13286358263	97929.03346482116	73.66226366558217	32.25040313176075	296.16207788009393	166.5424132814322	15.797743174477706	0.2746008174819578	0.6764510191865235	0.36529369325302935	0.39936981745268285	7218.180902943908	324.5419645911941	203.12871484736516	323.727660371256	0.12622074884830287
105	21.310479926967634	70.69715614314521	33.63774941856674	112.31627489645874	3.272775572704013	2.0464171515581886	1.03180901712801	3.7574834705907136	1.7981115645445258	5.895509036364787	3.261385846034162	1.7466278316064752	4.298030225446707	18857.319441688367	4016.813290640555	35128.22440583283	127277.9490660053	79178.72142774145	153856.1223177787	55.35166251874715	18.82849855033508	213.8927948464364	73.97257886359151	10.667594061773208	0.22485605466524916	0.6526007786095245	0.3965378625933423	0.3961057978796569	6557.605062454456	216.03415180862223	158.21351574216968	184.49872231399848	0.053717246964806106
106	24.307460643552016	98.46429645573973	39.91219139686382	168.28945777797978	3.3558863646290416	1.9128410395684647	0.9407621426665286	4.814050761810005	2.0212669418323883	9.153522139589324	4.2820789033327165	1.8488698032234643	8.15975085259727	13137.140019088542	3031.709092676388	27264.770026199636	129429.91832991767	86177.38089890123	134997.30521486775	71.2564104101374	20.107652071445738	349.7529275529738	119.40547153733354	17.99052752487457	0.23247327805729415	0.7238303686236444	0.38089526745824387	0.399035133053084	7943.620814234511	199.7887214167463	129.79048840844186	194.37903171773544	0.07840982140930752
107	23.63964037241983	67.371727682612	32.334372000386246	109.33579193654748	3.545468188926389	1.9772740157170123	1.4654723284619813	3.97885834416572	1.7458884651023545	6.7759134861525245	4.189668778961199	1.7613361506243823	7.940038151234421	14310.239151418697	3619.389390555364	25921.77652088219	134723.4307739261	89995.01216712946	138962.62115053268	82.20861270399169	20.30038295835328	344.65374319489274	133.73124011826113	19.60215829188639	0.20928330437622372	0.5199372918607603	0.3515308865709182	0.3802182794692742	6783.3904092842085	193.98888637905318	136.55560285227958	175.63188275878085	0.0728303373703431
108	23.7892646620346	67.14534230240368	30.804710144514775	111.80699216507334	3.5193074290093294	1.8184269620255424	1.142157910532845	4.084969210027501	1.8855636018178294	6.620631957574903	3.3765803180499736	1.7099579950457715	4.710660610224491	14042.020353118303	3135.582487105273	26811.720651753334	162651.2516093226	111205.96782573419	162796.73370821166	76.75908653249157	16.70553042807908	318.86387789335845	81.25095277622854	17.345289334206182	0.16907648911034348	0.6532459949827312	0.34262476251003676	0.3549921882337357	6976.490487978621	140.85951795835234	97.19533749728271	126.94409020157148	0.05227309413541292
109	22.362397860277333	65.43491104449562	31.960116561386112	102.19810058986207	3.4926437231931318	1.8976482319502448	1.1500351965783964	3.784472586482632	1.7607912323978705	6.008855025091439	2.7275094261963737	1.7420296576183434	2.8289895745404894	15923.718330918651	3168.5786362423823	32117.267547004325	159584.87985496127	107615.3694711907	165110.6098272085	70.55839346210401	19.008220276809507	277.43978103371825	60.92832868943129	14.518879213079538	0.17442143444347424	0.6288417922072723	0.33153042582413067	0.337683237764949	7394.056746343469	123.21873674615517	83.113897715415	115.05195988833327	0.03335143725136161
110	22.520199312200806	52.33561395716996	26.976374709947088	78.79448229856374	3.483317192550307	1.3942536821644829	1.2096685088227772	3.9629216781283207	1.845302756335063	6.202066718627704	2.5958994333870797	1.6716750763334107	2.4276918504830207	14973.12765590463	3182.918850135486	29196.430066175344	226222.77272730978	167789.5591904621	203340.28176149772	68.6155393575552	9.465757607003773	283.69219036691374	30.347841918992085	14.413370595098945	0.11713488539711378	0.6051018250588225	0.334629806503057	0.3403566718891178	7042.040790777005	51.09033923816637	39.99564803612534	35.876751482014214	0.012534483700713478
111	23.223428489187608	60.53822371154405	30.31528278982549	93.82604826761244	3.5269237325038025	1.600525982737356	1.2147270484106665	4.046868510224242	1.813280831265174	6.933779813431361	2.9620658542430673	1.6633628658370152	3.9633443579716627	14430.973126644396	3075.343496675008	27598.334463781943	189654.8130142371	132086.75097818728	187394.12077138262	77.8940168287113	12.788601334751148	332.7394652600732	49.985995578526015	14.967388130310177	0.15512289511111932	0.5932079797078252	0.34526825109916576	0.3548810298872028	7804.135848203065	101.91341921700312	74.57010874055774	78.47675927300465	0.029594367612513203
112	20.74772013779294	53.04283244996172	26.834801201445806	80.84422226592366	3.441526557126817	1.5579332542914535	1.1248392812508925	3.556901707259857	1.8405284325204907	4.826208583475055	2.4813370220246296	1.7216878471683335	2.2645495449093636	17196.684073823628	3056.8912912148517	34471.74730861569	187464.39956175315	134797.36081865858	180041.16972488255	63.140172071475845	10.51872678777029	234.12177365982794	29.263690929499788	12.052683738057663	0.14636562744131473	0.6351349479523162	0.3221260828325152	0.30954440137523753	6349.231023322932	53.98584975128829	45.47070372821531	25.896569158663794	0.017652089834944294
113	23.51771038256823	81.0412655965468	35.77805150840332	138.52364506135848	3.4868967009433054	1.798593675921554	0.8692640546436367	4.1581626452157066	1.8770392487775325	7.123057299687198	2.7059414057888125	1.6608095568221004	3.1328901635238817	13096.502418930493	2497.798174204522	26611.109556609215	178799.4339500767	128018.4188020713	170466.84574353922	75.18776966682978	16.735147194440064	322.40111311943065	61.73113662918145	11.773108712223342	0.14466372434621416	0.718079483661115	0.3372751134324993	0.36407831535560303	8189.102577885022	148.91651384231375	106.67465123478365	119.55529385010394	0.04660550500073443
114	23.21543199773402	67.83887761097178	31.82806814839948	111.40596386357963	3.4829843590059424	1.6815947447888664	1.0669439465904973	4.138940772388898	1.8360089921867673	6.917857860794686	3.0944812798587713	1.8527943005703003	3.59312680974069	13401.43081351371	2958.7963120599707	25464.501884067377	166231.12702217585	114131.06480608656	166209.58561198413	76.44492005346585	13.87071462904504	327.01780463442896	50.863319968951764	15.337824567225017	0.13449000112039872	0.6825313506525936	0.34725438968607525	0.3467796637124899	7010.974013251506	118.41287537963514	91.35139561197593	81.88952458754014	0.028148983079473576
115	23.698158431229956	70.03892924313551	29.820235120423114	121.20423468589294	3.5239773981593125	1.808693620699973	0.9775678356081864	4.068107753321521	1.8682392984300658	6.637674038940023	3.27567887043838	1.7004631365545069	4.416171577342366	13828.608992926416	2834.5764592566165	27047.238637978848	166083.24512181638	115913.43933771791	158183.19471438232	77.30922661308837	15.477251304796248	318.14029214786785	63.684336353144076	11.755774967657254	0.15286900839281567	0.6609221554679933	0.3717153075052788	0.3797948054719492	8773.350891566313	108.3691412847322	75.71550827719312	97.63484704260773	0.03533761179660414
116	23.432400679320093	81.830856876185	32.6301467873146	147.9801158780772	3.3645348830193234	1.7021123200713697	0.9386898259347575	4.204899473848167	1.788482062608753	7.681056732380485	3.5682342755155805	1.8120668128754465	5.2461474389450125	14856.84211906415	3459.3510701458295	27057.0897611475	164511.60428034468	115093.23466889818	159143.95953786044	69.2505991959659	14.435564430176095	293.385629707198	72.69804859770905	10.573210299329281	0.18298436231237986	0.6578065170328372	0.40840944418195	0.4114780094282896	9488.053883926717	151.92777614107655	113.47835588039962	122.91851421597875	0.0401268051326171
117	24.288314952400356	73.70115906185626	33.52355758538152	120.76405723482729	3.4045229983987273	1.515707870136347	0.8373244803790043	4.4434597886234215	2.013761981563595	7.173551702616677	3.0001268878758034	1.6267224944904541	4.245139477796534	12194.738221148455	2154.170893685057	25532.162324416026	212394.08633199654	152610.85719584912	208218.88138532432	64.09132428258371	11.941179139427007	285.66202775570133	59.6190637426935	9.671099760951961	0.17168307241943284	0.7229801146353222	0.31583415615981014	0.3337404677113672	9187.435450700134	59.94971913266033	46.05786300074498	50.5619455219062	0.026856339350340434
118	23.501913832075164	69.52451940168032	31.792120826716037	115.67277284531141	3.5513366690616572	1.758678840793774	1.294439134154554	3.9291845400248406	1.7815383505684688	6.468231658443989	3.080015512301712	1.6757260433884567	4.253808487111048	13729.331231134223	2840.133699266847	26386.152975809506	165567.94801498382	112900.24645208339	168844.61114870367	78.62968788796425	15.143730727511285	317.7451817011973	62.580983288790534	16.51680925901801	0.1625565077742725	0.5663049664656756	0.35986269182830605	0.3746325318715207	8729.784988822335	128.95830529411148	100.45130097522289	96.93503638676628	0.03241090086993447
119	22.558854199044454	70.84544955823962	31.088653890943807	121.03976631356366	3.472405547146541	1.7557864574140603	1.027129694351351	3.7020586064856933	1.6508723913543184	6.264212553930438	3.8261542895923935	1.946274921334786	5.802033888572384	16783.94187734355	4137.913946056756	30037.23263217495	163539.32967333245	113929.85962115563	160951.9822149895	74.2572380445979	15.67455163712646	288.8630582570946	83.56009207235884	13.267915485427233	0.1872504999964628	0.6532218887749787	0.3860425109935258	0.39467887649028016	8968.847496263907	142.23143427135656	103.29264314111221	120.2933074736052	0.04575249843301059
120	22.620326827520344	68.08772802039825	30.01172442896927	116.08220495273954	3.4318814178290435	1.6583093858224336	0.8318316736176202	3.8667311259986095	1.7061410128138774	6.456684950765494	3.2127854239734184	1.7454517029859469	4.428198344998325	16150.60934149353	3742.7691016290205	29722.49817111992	177717.30095534583	127300.07628740626	170582.3996297195	70.79456051578954	13.919483046758346	285.8028159869426	64.36019722222775	11.678560560904083	0.1755299006998256	0.7382762974257713	0.4037724848754129	0.4142103940931578	9196.758687926213	120.63276303477318	91.30829346522748	93.76678915363333	0.03641802537372278
121	23.00067133963958	56.83211990783696	29.36453971563623	83.99989491532996	3.4815655975968145	1.5795467929937934	1.0604074739511575	4.024942393342028	1.8599335110881485	6.559066420859133	2.4640412429763967	1.5811314349236225	2.4637674856148117	14380.264399786929	2806.6676581718375	28750.230284059566	199251.06563447617	144322.50348340918	186880.13085082278	71.04502873029199	11.838724021083149	294.61724649326715	38.66463519774136	12.822324144155436	0.15351854652741329	0.6506703270550448	0.32277493162081017	0.33847055341855026	7463.679938799922	96.60174288045917	72.7399588967364	77.07197668211978	0.023082621782643482
122	23.214968796463257	71.46748728708721	29.334446583017208	126.13636235302067	3.3789139792656573	1.5165923893301523	0.8167961246334803	4.104664241942112	1.8099090434684666	7.017760406741425	2.892531909879357	1.7046197438487853	3.383059865122545	15222.659814775601	3306.5970999413735	28063.23089645747	196118.38323780312	142031.16071003242	181489.50190831567	67.18191883660562	10.751996701544655	279.4638912151861	40.5142891501767	9.689311639048448	0.15746109382039084	0.7280390749763078	0.4009459095271579	0.39276402749234324	9267.654994989298	99.66319048531658	79.92815077445884	70.59258861671204	0.024543820724996793
123	22.49068519800944	70.43766017909512	30.58866330137415	120.71723634132375	3.4414584047506964	1.6092411446860257	0.8305811046099987	3.7048988418454427	1.6872415160945748	6.010398186465994	2.9492661256366803	1.6191758365543174	3.854511151314974	16671.86951414073	4053.0822392948403	29445.415606395374	190625.75881740046	138687.603360799	174497.6847344796	69.20343901745409	12.315325765537656	258.7862000155186	51.740940440858054	10.50254287739431	0.1622612564420629	0.7378165149861452	0.3921838552438455	0.39437752061168374	9150.343533187604	106.9463754821382	82.28490394674402	78.03682923951386	0.029654646260295577
